Aharon,Barby,abarby0@rakuten.co.jp,Suite 83,0 Sugar Lane,Île-de-France,95011 CEDEX,872-305-4758
Wyn,Sign,wsign1@marketwatch.com,19th Floor,93745 6th Avenue,,347703,411-149-7969
Theo,Lambertazzi,tlambertazzi2@google.co.uk,20th Floor,0 Marcy Point,,,409-390-9198
Ileana,Brookshaw,ibrookshaw3@mediafire.com,PO Box 76978,6965 Autumn Leaf Center,,,788-389-6548
Pepi,Castelyn,pcastelyn4@cbslocal.com,PO Box 28603,1609 Marquette Road,Blekinge,372 53,896-650-9806
Dal,Whittingham,dwhittingham5@123-reg.co.uk,Suite 80,579 Continental Drive,,0277,502-500-9246
Maje,Manchester,mmanchester6@imageshack.us,Apt 645,69 Mendota Center,,6010,305-146-5002
Merl,Klaassens,mklaassens7@ihg.com,Suite 14,33494 Scott Plaza,,3642,281-655-8240
Katrinka,Kauffman,kkauffman8@taobao.com,Apt 1217,00 Arapahoe Way,,,809-843-8772
Mersey,Casado,mcasado9@comcast.net,Suite 16,25 Norway Maple Lane,,5311,186-739-5532
Holly,Peert,hpeerta@virginia.edu,Room 693,8827 Delladonna Road,Île-de-France,94254 CEDEX,195-193-1170
Porter,Harcourt,pharcourtb@forbes.com,Suite 15,7 2nd Street,,,490-837-3809
Chancey,McTrusty,cmctrustyc@mashable.com,PO Box 93023,7646 South Trail,,,783-855-9607
Engracia,Tonsley,etonsleyd@google.com.au,Suite 73,264 Ridge Oak Way,,,506-142-3235
Tate,Iannazzi,tiannazzie@icio.us,5th Floor,7 Magdeline Street,Aveiro,4520-712,740-489-3478
Alaine,Turrill,aturrillf@nytimes.com,PO Box 10871,12322 Mallard Drive,Île-de-France,75419 CEDEX 08,840-439-9912
Godard,Standell,gstandellg@etsy.com,PO Box 3988,79034 Ohio Street,Nova Scotia,B2G,800-395-8708
Corene,Koeppe,ckoeppeh@forbes.com,Room 1639,0 Forest Parkway,,9214,876-250-9633
Bobbe,Boughen,bbougheni@constantcontact.com,Apt 88,2753 Homewood Junction,Midi-Pyrénées,65951 CEDEX 9,112-105-5629
Genia,Beatens,gbeatensj@va.gov,Apt 934,92949 Bowman Center,Georgia,30323,770-393-4392
Randee,Vannikov,rvannikovk@kickstarter.com,Suite 8,02131 Kipling Center,,44-177,300-886-6099
Ali,Precious,apreciousl@nationalgeographic.com,Apt 51,8 Old Shore Crossing,,3915,120-975-8473
Wenonah,Baxill,wbaxillm@ow.ly,19th Floor,693 Graedel Road,,36000-000,212-491-2771
Kylie,Grigorini,kgrigorinin@comcast.net,Suite 39,65011 Ridge Oak Way,,,779-497-5134
Errick,Nabbs,enabbso@ask.com,Suite 32,3906 Pearson Hill,,,482-636-0384
Jerrylee,Waskett,jwaskettp@upenn.edu,Room 1672,934 Loftsgordon Point,,,988-943-4767
Adolph,Hiddsley,ahiddsleyq@tmall.com,13th Floor,9941 Express Hill,,,141-147-3073
Jarrett,Sumpter,jsumpterr@bbc.co.uk,PO Box 26718,3 Cottonwood Plaza,,,544-242-7827
Hertha,Kumaar,hkumaars@artisteer.com,Room 1600,03 Mendota Way,,,711-399-1045
Jackie,Wyer,jwyert@nyu.edu,Suite 78,227 Daystar Place,,9618,465-276-1554
Kaylyn,Blaber,kblaberu@1688.com,Room 335,58 Rowland Lane,,,746-100-7312
Rois,Simmen,rsimmenv@free.fr,8th Floor,61 Colorado Terrace,,58300,966-223-7119
Parry,Pachmann,ppachmannw@webs.com,8th Floor,9 Almo Avenue,,,473-201-4336
Garv,Faudrie,gfaudriex@imgur.com,Room 396,6766 Pankratz Center,,,794-845-1783
Ruthi,Noto,rnotoy@ezinearticles.com,Suite 54,6947 Prairieview Place,,21140,619-482-8502
Helyn,Bowles,hbowlesz@blinklist.com,Apt 1657,93 Cardinal Park,,988-0607,518-676-8595
Thea,Hovenden,thovenden10@merriam-webster.com,PO Box 79051,67103 Melody Way,,,700-643-9323
Sylas,Chinge de Hals,schingedehals11@umich.edu,PO Box 44377,554 Nelson Center,,429127,122-347-3632
Ailyn,Hovie,ahovie12@redcross.org,1st Floor,76 Weeping Birch Trail,,,791-346-5824
Kassi,Dunge,kdunge13@wunderground.com,7th Floor,76808 Old Gate Plaza,,,349-142-5388
Carny,Mazzei,cmazzei14@imgur.com,Apt 406,50 Ridgeway Center,,,624-411-0108
Juline,Howood,jhowood15@vimeo.com,PO Box 64785,97 Dawn Lane,,,726-454-9544
Delores,Pandya,dpandya16@yandex.ru,Apt 1497,80559 Hovde Avenue,,4302,800-988-0254
Billi,Instone,binstone17@telegraph.co.uk,Suite 29,7 Pierstorff Road,,,149-608-3181
Marcia,Withringten,mwithringten18@nyu.edu,PO Box 43006,5722 Forest Run Street,,,740-717-9871
Malchy,Prenty,mprenty19@live.com,PO Box 67607,51 Kropf Way,,,199-607-6649
Antonin,Latchford,alatchford1a@facebook.com,Room 1885,8 Reindahl Road,Rhône-Alpes,26109 CEDEX,812-480-1844
Jammie,Licas,jlicas1b@typepad.com,Room 982,959 Anniversary Place,,,756-924-3023
Joellen,Taaffe,jtaaffe1c@twitter.com,19th Floor,8 Monument Junction,,19018,789-384-7272
Amalita,Fantham,afantham1d@dailymotion.com,17th Floor,47 Old Gate Way,,662174,654-701-6003
Joell,Huffa,jhuffa1e@goo.gl,Room 474,54 Blue Bill Park Way,,633216,662-346-2662
Hermina,Hitzmann,hhitzmann1f@etsy.com,Suite 59,626 Transport Alley,,,905-163-7774
Jeni,Mussared,jmussared1g@dagondesign.com,Apt 238,11450 Harper Circle,,,359-823-1306
Cody,Quin,cquin1h@tmall.com,Room 800,71357 Rutledge Pass,,,216-484-8212
Sharlene,Buckam,sbuckam1i@xinhuanet.com,PO Box 25371,1126 Carberry Avenue,,6029,184-527-6247
Cindra,Pyke,cpyke1j@amazon.com,Room 1592,83312 East Terrace,,11000-000,326-484-2264
Mahmud,Charman,mcharman1k@fda.gov,PO Box 48727,348 Warrior Alley,,,528-102-0326
Kellen,Brooks,kbrooks1l@jalbum.net,17th Floor,2274 Summit Center,,,343-773-6167
Cris,Aked,caked1m@rambler.ru,Suite 50,8471 Center Junction,,32-865,156-689-8002
Staford,Einchcombe,seinchcombe1n@biblegateway.com,PO Box 77408,7066 Forest Trail,,,248-753-8121
Hettie,Kenafaque,hkenafaque1o@cafepress.com,Suite 67,70812 Nancy Place,,,362-850-6439
Rosaline,Mirams,rmirams1p@boston.com,Apt 394,49 Village Green Court,,,400-595-8554
Chip,Albert,calbert1q@ucoz.com,Apt 200,23 Mockingbird Trail,,,582-521-8611
Crystal,Moat,cmoat1r@123-reg.co.uk,Apt 1718,6171 Village Green Parkway,Andalucia,11010,835-622-7879
Joan,Cornewall,jcornewall1s@microsoft.com,Room 974,8 Pearson Avenue,Sor-Trondelag,7445,331-428-3328
Porter,Cawood,pcawood1t@t.co,Room 1925,98 Kinsman Crossing,,,204-987-1894
Jae,Joffe,jjoffe1u@theguardian.com,Apt 236,28280 Summerview Trail,,,167-151-1766
Noami,Haney,nhaney1v@gnu.org,Apt 105,44 Roth Way,,,925-569-9134
Katya,Miner,kminer1w@fda.gov,5th Floor,9 Bluestem Avenue,,,787-732-5648
Beckie,Chatelet,bchatelet1x@newyorker.com,Room 144,331 Vahlen Trail,,7124,786-352-3792
Hanna,Ewin,hewin1y@google.co.uk,Suite 75,2 Doe Crossing Center,,9171,979-476-6322
Genvieve,Yarmouth,gyarmouth1z@army.mil,Room 282,967 East Place,,143650,709-456-3583
Mellicent,Orgee,morgee20@chicagotribune.com,Suite 21,81209 Sunfield Trail,,,972-651-1955
Barbara,Wiltshaw,bwiltshaw21@amazon.de,Apt 618,3 Petterle Avenue,,4104,243-928-8932
Noach,Mandal,nmandal22@narod.ru,1st Floor,67671 Sheridan Hill,,542 33,745-961-6585
Meghann,Devenport,mdevenport23@ebay.co.uk,PO Box 88396,492 Mandrake Place,Coimbra,3040-723,239-881-7681
Sande,Orgill,sorgill24@simplemachines.org,Suite 34,102 Forest Run Point,,,507-721-5526
Eveleen,Billyard,ebillyard25@dropbox.com,19th Floor,34660 Southridge Trail,,,359-232-2697
Xever,Skidmore,xskidmore26@i2i.jp,PO Box 9380,9 Eagle Crest Trail,Halland,302 50,246-350-1831
Meridith,Brann,mbrann27@bravesites.com,Suite 72,5913 Hanover Road,,1752,419-772-4019
Tine,Goldsby,tgoldsby28@lycos.com,18th Floor,3 Meadow Vale Hill,Virginia,22309,703-293-7357
Nari,Somerville,nsomerville29@theatlantic.com,Suite 62,0 Browning Center,,,582-868-2402
Kore,Smart,ksmart2a@seesaa.net,Suite 43,3428 Melvin Street,,98828,107-853-2563
Bianca,Maddams,bmaddams2b@cisco.com,Suite 71,7282 Bay Court,,,390-255-4967
Henriette,Bulfoot,hbulfoot2c@europa.eu,5th Floor,964 Meadow Vale Court,,,297-713-8113
Ursala,Drew,udrew2d@seattletimes.com,Suite 42,5 Petterle Plaza,,,855-964-4391
Silas,Fink,sfink2e@wired.com,Apt 1332,1 Shelley Alley,,399768,376-414-5530
Gifford,Belch,gbelch2f@ucoz.com,Room 1038,9 Drewry Road,,,998-832-8600
Lurleen,Bradshaw,lbradshaw2g@miitbeian.gov.cn,Room 1446,0466 Dottie Parkway,,3215,495-757-2389
Godfree,Gillie,ggillie2h@umich.edu,PO Box 28264,30120 Transport Center,Stockholm,176 76,121-196-8317
Olly,Goldsack,ogoldsack2i@alibaba.com,PO Box 9832,25306 Tennessee Plaza,,,866-891-5708
Christian,Dyter,cdyter2j@ebay.co.uk,Apt 93,5 Pond Trail,,,355-799-8902
Sheilakathryn,Gorhardt,sgorhardt2k@g.co,PO Box 75727,1366 Ilene Road,,648581,467-194-4701
Emilee,Vardy,evardy2l@plala.or.jp,Suite 19,039 Clemons Lane,,,585-877-5365
Jeannine,Castellucci,jcastellucci2m@intel.com,Suite 75,528 Northridge Street,,,755-840-9154
Ardeen,Lurriman,alurriman2n@vinaora.com,PO Box 34491,34345 Melby Way,,38-524,535-446-2808
Efren,Tick,etick2o@qq.com,Room 60,4110 Transport Plaza,,623650,785-520-1249
Robinet,De Francisci,rdefrancisci2p@latimes.com,Suite 67,741 Pawling Trail,,5143,171-366-2656
Shelagh,Shaxby,sshaxby2q@engadget.com,18th Floor,72546 Autumn Leaf Plaza,,,983-419-0081
Nikolaos,Johnstone,njohnstone2r@guardian.co.uk,9th Floor,81074 Hoepker Way,,,913-708-5257
Aurora,Dolden,adolden2s@bluehost.com,PO Box 53706,116 Swallow Trail,Region Hovedstaden,1410,624-119-3349
Dolores,Kyneton,dkyneton2t@whitehouse.gov,16th Floor,2631 Northridge Plaza,,,821-782-1878
Jinny,Kempson,jkempson2u@marketwatch.com,Suite 76,4718 Blue Bill Park Hill,,2550,553-536-5618
Irwinn,Perott,iperott2v@google.ru,Room 1563,131 Manley Road,,,126-544-0751
Elke,Grout,egrout2w@creativecommons.org,Room 365,44029 Dahle Park,,96900-000,419-653-0517
Alica,Jolliman,ajolliman2x@friendfeed.com,Room 1697,9516 Karstens Pass,,,631-790-3602
Daniel,Meagher,dmeagher2y@hugedomains.com,7th Floor,54529 Lotheville Street,,,363-895-2881
Jon,Titterell,jtitterell2z@mediafire.com,Room 176,0 Dwight Point,,3803,602-532-9828
Marji,Crickmore,mcrickmore30@reverbnation.com,2nd Floor,03460 Village Alley,Kanton Zürich,8004,368-999-3837
Lilith,Adamkiewicz,ladamkiewicz31@engadget.com,Apt 9,352 Macpherson Alley,,386340,521-339-6133
Margret,Dowe,mdowe32@google.co.jp,Suite 79,28 Summer Ridge Crossing,Île-de-France,91574 CEDEX,439-223-2110
Gunner,Marion,gmarion33@google.nl,17th Floor,01030 Ronald Regan Alley,,8307,292-809-2876
Luisa,Hunnicot,lhunnicot34@phpbb.com,PO Box 66299,45 Drewry Alley,,32000-000,493-907-1823
Jerrold,Agus,jagus35@china.com.cn,8th Floor,1085 Northview Park,,,279-689-4547
Lou,Guerin,lguerin36@barnesandnoble.com,17th Floor,592 Nelson Crossing,,,122-654-2644
Jorey,Coddington,jcoddington37@china.com.cn,Apt 28,9982 Emmet Circle,New Mexico,87201,505-650-9295
Darlleen,Hedditeh,dhedditeh38@elegantthemes.com,PO Box 34748,83379 Pierstorff Lane,,699-3162,541-869-5064
Felicity,Saintsbury,fsaintsbury39@shutterfly.com,Room 615,7 Goodland Way,,,253-680-8794
Riva,Dinis,rdinis3a@slashdot.org,Suite 47,4186 Dayton Alley,,,642-679-7107
Rickard,Puckham,rpuckham3b@jalbum.net,Apt 725,739 Randy Hill,,899-1922,233-845-0013
Doretta,Goslin,dgoslin3c@rediff.com,Suite 5,4 Dawn Court,,,658-588-3404
Flo,Edds,fedds3d@accuweather.com,Room 1422,585 Bartelt Trail,,,634-977-9707
Lauralee,Winridge,lwinridge3e@loc.gov,Suite 45,43730 Caliangt Junction,,,835-702-9902
Candy,O' Donohue,codonohue3f@is.gd,Suite 74,1536 Sachtjen Pass,,232517,784-600-7531
Jarad,Will,jwill3g@symantec.com,Apt 381,361 Alpine Drive,,2406,697-271-0965
Vic,Rentoll,vrentoll3h@webeden.co.uk,Apt 281,77 Hudson Parkway,,,994-899-3601
Goddart,Abercrombie,gabercrombie3i@dedecms.com,Apt 593,76212 Butterfield Pass,,,539-244-1515
Ryan,Autin,rautin3j@usa.gov,Room 143,7434 Declaration Drive,,,182-764-9290
Reinaldo,Guyon,rguyon3k@jimdo.com,Room 1815,40624 Hooker Center,Texas,76115,817-699-5609
Anselma,Masser,amasser3l@weebly.com,PO Box 63935,542 Cody Hill,,,469-316-7629
Florance,Dudman,fdudman3m@163.com,10th Floor,53 Bunting Avenue,,661008,653-805-8512
Hakim,Shilvock,hshilvock3n@nbcnews.com,Room 1192,9957 Ilene Plaza,,,254-389-3686
Caroljean,Bottle,cbottle3o@phpbb.com,Room 1313,1948 Amoth Road,,,315-723-1402
Adler,Antonioni,aantonioni3p@pcworld.com,PO Box 33247,6 Upham Alley,,,308-797-6843
Loise,Lowerson,llowerson3q@google.ca,5th Floor,3277 Cardinal Alley,,,475-869-3106
Tamqrah,Mustarde,tmustarde3r@newsvine.com,PO Box 25970,535 Walton Parkway,,2720,352-936-2484
Pippo,Sabbin,psabbin3s@noaa.gov,Room 1915,3 School Plaza,,,592-374-8628
Fernanda,Errey,ferrey3t@issuu.com,16th Floor,43 Paget Alley,,,139-356-3014
Nevins,Knowles,nknowles3u@hhs.gov,Suite 26,3 Del Mar Plaza,,999-0601,519-876-9451
Kaye,Etter,ketter3v@topsy.com,Suite 44,7 Westend Road,,,484-755-0399
Elonore,Barnham,ebarnham3w@youtube.com,Room 512,8969 Milwaukee Hill,,,329-222-7132
Rebe,Grouer,rgrouer3x@imageshack.us,PO Box 2063,41 Alpine Park,,618146,815-581-0604
Gerhardt,Bratley,gbratley3y@cocolog-nifty.com,Apt 572,3262 Armistice Point,,,132-234-2386
Emili,Cleugher,ecleugher3z@google.de,Apt 794,7 Wayridge Place,,526-0826,481-170-1537
Cristen,Euler,ceuler40@google.it,PO Box 5922,0 Vahlen Way,,,900-405-9420
Wake,Stroulger,wstroulger41@va.gov,Suite 34,8 Thierer Point,,,802-310-0503
Cindra,Corneille,ccorneille42@businessinsider.com,Suite 54,496 Kim Point,,,492-504-3260
Jacenta,Dearsley,jdearsley43@mail.ru,PO Box 77440,2 Montana Street,,,834-174-2573
Nata,MacNaughton,nmacnaughton44@ezinearticles.com,PO Box 70052,79 Milwaukee Road,,,804-836-6311
Buckie,Fundell,bfundell45@sohu.com,PO Box 94433,409 Carey Avenue,,89915-000,800-839-1339
Celina,Lipscomb,clipscomb46@senate.gov,15th Floor,3 Grasskamp Trail,Stockholm,181 72,646-588-3921
Drusi,Chinnock,dchinnock47@flavors.me,Room 350,6051 American Parkway,,,942-705-1530
Rosie,Vasilmanov,rvasilmanov48@oracle.com,PO Box 16252,2 Loeprich Avenue,,87-821,392-130-2865
Fanechka,Zipsell,fzipsell49@hp.com,Room 1221,7768 Crescent Oaks Street,,346018,289-826-2037
Hayes,Dearlove,hdearlove4a@oakley.com,Apt 1676,02781 Prairieview Park,,23-413,583-566-6088
Stillman,Eannetta,seannetta4b@senate.gov,Room 128,81 Tennyson Point,Region Hovedstaden,1260,776-819-4877
Vinnie,Creek,vcreek4c@irs.gov,PO Box 42568,6166 Swallow Alley,,613110,161-230-2390
Hew,Baldetti,hbaldetti4d@biblegateway.com,Room 627,76802 Spaight Circle,,,111-984-9117
Georgia,Daffey,gdaffey4e@taobao.com,PO Box 64390,986 Mendota Street,,,651-764-0572
Elihu,Blumson,eblumson4f@example.com,Suite 77,30553 Londonderry Parkway,,739 23,382-667-2680
Red,Ashlin,rashlin4g@ocn.ne.jp,Apt 878,91 Macpherson Point,,379-2166,379-391-3844
Lynnelle,Melbury,lmelbury4h@google.nl,PO Box 48993,48202 Meadow Valley Park,,731027,824-258-2602
Aeriell,Simons,asimons4i@columbia.edu,4th Floor,33 Superior Way,,,906-318-4069
Sergent,Melloy,smelloy4j@live.com,PO Box 74989,79 Esch Court,,,154-766-3179
Franklyn,McGillivray,fmcgillivray4k@google.com.br,9th Floor,44386 Maryland Circle,,188668,274-505-5570
Savina,Philimore,sphilimore4l@amazonaws.com,Apt 366,74698 Onsgard Terrace,Basse-Normandie,14097 CEDEX 9,618-782-5081
Charyl,Aleksic,caleksic4m@illinois.edu,Apt 573,4183 Talmadge Point,,L-7634,775-449-2463
Ronni,Joinson,rjoinson4n@indiatimes.com,Room 1861,6 7th Lane,Illinois,62705,217-796-3098
Anetta,Franzotto,afranzotto4o@zimbio.com,PO Box 32239,327 Swallow Park,Baranya,7610,861-340-4523
Malchy,Enevoldsen,menevoldsen4p@elpais.com,20th Floor,83477 Cody Center,,,895-521-0423
Buddy,Parkhouse,bparkhouse4q@nydailynews.com,Suite 6,5060 Portage Way,,,276-279-1321
Ashly,Vannacci,avannacci4r@bravesites.com,Apt 1800,122 Cottonwood Parkway,Västmanland,721 32,465-103-0298
Rahel,Auden,rauden4s@nytimes.com,Suite 36,18480 Mayer Street,,,502-277-4182
Margalo,Raggles,mraggles4t@pagesperso-orange.fr,6th Floor,21 Heath Lane,,456382,976-952-0875
Karita,Ginni,kginni4u@bbc.co.uk,4th Floor,98 Transport Center,,,331-448-5639
Denni,Maylin,dmaylin4v@tinypic.com,Suite 85,9080 Straubel Circle,,,901-432-5538
Binny,Maffia,bmaffia4w@plala.or.jp,20th Floor,9 Mesta Trail,Picardie,60116 CEDEX,486-598-2747
Bekki,Gutridge,bgutridge4x@vimeo.com,Apt 1390,42 Nobel Pass,,,429-956-7473
Amanda,Troup,atroup4y@unblog.fr,Apt 662,7 Monterey Lane,,,418-960-9811
Catlin,Bamlet,cbamlet4z@addtoany.com,PO Box 17450,446 Dawn Hill,,,599-501-4382
Stephi,Skowcraft,sskowcraft50@squidoo.com,Apt 1373,91803 Namekagon Junction,,,139-300-8042
Drew,Tuffs,dtuffs51@posterous.com,PO Box 80404,24 Karstens Circle,,,463-837-4771
Berkeley,Janota,bjanota52@etsy.com,Apt 1668,5686 Mcbride Plaza,,97620,394-341-4456
Sondra,Necolds,snecolds53@sogou.com,PO Box 11896,90 Hanson Point,,,899-217-4728
Dev,Bette,dbette54@wisc.edu,12th Floor,3969 Hovde Hill,Stockholm,101 56,964-109-1487
Nessa,Bartzen,nbartzen55@sakura.ne.jp,Suite 37,6969 Burrows Lane,,347879,353-321-0806
Angelico,Worsnop,aworsnop56@japanpost.jp,Apt 1105,713 Marcy Junction,Västmanland,732 24,118-469-0987
Cherie,Brecknock,cbrecknock57@theatlantic.com,PO Box 8644,49 Nancy Alley,,301333,213-292-6940
Lanni,Bletcher,lbletcher58@cmu.edu,Apt 1708,153 Becker Drive,,,664-853-9903
Cris,Pinch,cpinch59@moonfruit.com,PO Box 47796,9594 Scofield Junction,,,193-847-4932
Abbe,Hazael,ahazael5a@webs.com,Suite 74,99121 Nancy Park,,,755-984-3058
Rubina,Tomaszczyk,rtomaszczyk5b@noaa.gov,Apt 197,056 Shasta Park,,,818-971-6241
Rodrique,Gaddas,rgaddas5c@nymag.com,Apt 21,7 Autumn Leaf Lane,,,809-236-9017
Rhea,Crissil,rcrissil5d@answers.com,Apt 880,036 Pine View Terrace,,,429-556-3687
Siouxie,Allery,sallery5e@jimdo.com,PO Box 41951,39 Vernon Pass,,,363-713-7157
Jade,Gimson,jgimson5f@ucoz.ru,PO Box 87740,1 Sugar Road,,,938-264-2840
Luise,Verrills,lverrills5g@microsoft.com,PO Box 35498,42924 Kim Avenue,,,100-489-1831
Hedi,Bizzey,hbizzey5h@google.it,PO Box 92034,7877 Farwell Road,Texas,77293,281-410-3753
Corrie,Posnette,cposnette5i@a8.net,Room 2,104 Algoma Avenue,,,926-729-6231
Rubina,Cleiment,rcleiment5j@edublogs.org,13th Floor,007 Vermont Parkway,Perak,30760,176-930-0603
Tab,Nellies,tnellies5k@mediafire.com,Apt 1865,2 Heffernan Center,,1104,201-163-5245
Thurston,Greenaway,tgreenaway5l@howstuffworks.com,Suite 10,60 Amoth Plaza,,06008,750-291-4199
Jehanna,Grannell,jgrannell5m@umn.edu,Suite 48,20 Mallard Pass,,,689-964-8748
Crawford,Lukock,clukock5n@geocities.com,PO Box 62430,718 Algoma Trail,,,311-122-5051
Desmund,Albon,dalbon5o@about.me,PO Box 78478,5 High Crossing Street,New York,14683,585-981-5598
Brendon,Harriss,bharriss5p@zimbio.com,Apt 1124,33816 Westend Street,,32-861,849-631-4042
Elna,Murrey,emurrey5q@diigo.com,Room 1184,98186 Clove Pass,,,935-790-1995
Kelley,Glassborow,kglassborow5r@simplemachines.org,8th Floor,318 Carioca Avenue,,MD-4438,356-658-2650
Corinne,Edworthy,cedworthy5s@yellowbook.com,Apt 338,1615 Merchant Drive,,,824-472-5456
Leontyne,Cartan,lcartan5t@studiopress.com,Room 1197,7 Onsgard Road,Chiapas,29480,316-972-9244
Jobey,Stocken,jstocken5u@bizjournals.com,5th Floor,53 Fieldstone Circle,,42-310,294-960-7495
Benjy,Kennedy,bkennedy5v@opera.com,Room 524,9303 Cambridge Point,,44570-000,124-944-0257
Gabrielle,Siemon,gsiemon5w@rambler.ru,Room 1582,27548 Stone Corner Trail,,2600,791-520-0844
Hort,Hartus,hhartus5x@rediff.com,Room 1638,74526 Farmco Parkway,,143969,529-271-4368
Robinetta,Kynett,rkynett5y@booking.com,Apt 864,293 Elmside Park,Île-de-France,78897 CEDEX,553-781-3623
Kelley,Kenan,kkenan5z@dot.gov,Apt 940,22 Sundown Circle,,,494-734-7187
Catina,McLeoid,cmcleoid60@blogger.com,Apt 655,5599 Clemons Lane,,,464-628-2966
Brody,Malshinger,bmalshinger61@yellowpages.com,Room 934,315 Victoria Center,,,423-262-4619
Jeni,Polfer,jpolfer62@ed.gov,Room 790,0813 Maryland Parkway,,,958-983-9456
Noll,Formoy,nformoy63@theatlantic.com,14th Floor,737 Canary Crossing,,,412-800-2381
Averill,Rubel,arubel64@webeden.co.uk,Apt 1494,8498 Village Green Court,Jämtland,842 93,543-673-6128
Giustina,Bultitude,gbultitude65@dion.ne.jp,Apt 741,212 Farwell Park,,24140,498-598-5714
Faith,Josefer,fjosefer66@xrea.com,Apt 876,98 Maryland Trail,Braga,4805-550,377-392-0432
Averill,Cossins,acossins67@illinois.edu,Apt 742,94 Bartelt Plaza,,87-340,852-482-6706
Willey,Duckels,wduckels68@flavors.me,Apt 470,035 Karstens Place,,,404-258-5665
Renata,MacIlraith,rmacilraith69@un.org,PO Box 45250,5 Blackbird Alley,,,460-254-9446
Hobie,McWhirter,hmcwhirter6a@nsw.gov.au,Suite 69,696 Sutherland Park,,799-3115,562-949-6497
Kara-lynn,Brew,kbrew6b@google.com.br,PO Box 86466,8420 Scoville Circle,,,374-888-2900
Ruth,Tarzey,rtarzey6c@gnu.org,Room 681,36594 Garrison Parkway,Setúbal,2845-487,681-577-8582
Babita,Sands,bsands6d@wikispaces.com,17th Floor,682 Jana Trail,,473-0938,829-272-1944
Karim,Coade,kcoade6e@bandcamp.com,PO Box 78882,001 Delaware Place,,82730,759-591-3877
Tami,McKean,tmckean6f@tinypic.com,6th Floor,06 Lake View Way,,,716-911-4269
Hayes,Gladdin,hgladdin6g@bravesites.com,Suite 83,20102 Gina Terrace,,75701,585-612-6800
Ivett,Breens,ibreens6h@economist.com,1st Floor,0 Merry Way,Saskatchewan,S4H,696-316-1906
Haleigh,Glandfield,hglandfield6i@behance.net,PO Box 79239,7 Mifflin Avenue,,,564-895-0910
Kellie,Neve,kneve6j@blogspot.com,Room 855,92 Sunfield Trail,,,126-127-4135
Barrett,Melbury,bmelbury6k@ustream.tv,Suite 8,89 8th Trail,,,208-366-2956
Olympie,Eckert,oeckert6l@github.io,PO Box 12937,28385 Summer Ridge Street,,,228-274-3484
Darrel,Riddiough,driddiough6m@behance.net,Apt 705,16358 Forest Dale Place,Tennessee,37931,865-514-1841
Byram,Fellgatt,bfellgatt6n@plala.or.jp,PO Box 44748,9 Kingsford Center,,,167-404-3866
Hanni,Giron,hgiron6o@geocities.com,PO Box 45054,13 Steensland Crossing,,,634-257-2535
Karolina,Terbrug,kterbrug6p@soundcloud.com,PO Box 69070,46 Green Ridge Hill,,4362,437-313-7358
Elianore,Willars,ewillars6q@jugem.jp,Suite 1,0 Londonderry Court,,,272-990-7177
Harrie,Hurne,hhurne6r@opera.com,PO Box 67861,75 Fulton Trail,,,347-652-1374
Karilynn,Bonifas,kbonifas6s@earthlink.net,Suite 36,56 Lunder Circle,Provence-Alpes-Côte d'Azur,13674 CEDEX,244-709-8290
Evey,Ansett,eansett6t@facebook.com,15th Floor,7 Maple Lane,New York,11480,212-319-8530
Farra,Broomer,fbroomer6u@boston.com,PO Box 90278,5 Hintze Point,,,918-317-5181
Niven,Martugin,nmartugin6v@vimeo.com,Room 1004,801 Stuart Junction,,9221,473-322-5613
Blanca,Slinn,bslinn6w@wikia.com,Suite 89,1236 Montana Drive,,6544,874-982-6110
Kathie,Sterndale,ksterndale6x@blinklist.com,Room 863,651 Logan Street,,397100,393-591-0944
Wallache,Basford,wbasford6y@mozilla.com,PO Box 43286,5597 Carey Parkway,,,876-947-8147
Samuele,Sorby,ssorby6z@bbc.co.uk,Suite 35,740 Northview Alley,Gävleborg,813 27,762-531-9593
Annmaria,Cooksey,acooksey70@senate.gov,PO Box 45680,03561 Melrose Crossing,,,709-536-5979
Kimmi,Sweetenham,ksweetenham71@hubpages.com,12th Floor,62 American Ash Circle,Terengganu,20576,320-285-5196
Abby,Jost,ajost72@plala.or.jp,Room 1860,66158 Starling Way,,37-230,454-299-5630
Dolorita,Rickerd,drickerd73@geocities.com,PO Box 55465,99433 Lake View Street,,3505,771-222-2963
Lanie,Jendrusch,ljendrusch74@bizjournals.com,Suite 21,62831 Moland Crossing,,,862-587-6897
Rhiamon,Caldicott,rcaldicott75@census.gov,Room 241,0090 Truax Trail,Saskatchewan,J7A,834-880-0373
Sadella,Kewish,skewish76@qq.com,PO Box 72561,0 Scoville Lane,Stockholm,123 57,577-417-3651
Kissie,Jacobssen,kjacobssen77@home.pl,Apt 688,4 Continental Place,,,583-729-0650
Estevan,Cabotto,ecabotto78@cpanel.net,Suite 33,84 Jana Point,Veracruz Llave,95600,596-302-1035
Catherine,Paulucci,cpaulucci79@hud.gov,PO Box 34980,7 Harper Street,District of Columbia,20310,202-579-9228
Even,Nannizzi,enannizzi7a@mtv.com,Suite 43,24792 Maywood Hill,,,482-620-1436
Annabela,Crowth,acrowth7b@typepad.com,Apt 1336,84139 Monument Crossing,,,509-246-8361
Basilio,By,bby7c@noaa.gov,Apt 1703,241 La Follette Crossing,,2400,417-917-0222
Tanitansy,Pepineaux,tpepineaux7d@de.vu,PO Box 66943,8723 Reindahl Point,,,114-424-3666
Bethanne,Magson,bmagson7e@newsvine.com,Suite 26,90932 Derek Terrace,Provence-Alpes-Côte d'Azur,83087 CEDEX 9,561-604-7855
Ephraim,Ansteys,eansteys7f@so-net.ne.jp,PO Box 88981,88 Debs Trail,,3480,134-392-0825
Tamra,Darling,tdarling7g@wired.com,PO Box 30894,37988 Hanover Alley,,,642-757-3611
Anstice,Binfield,abinfield7h@altervista.org,14th Floor,8674 Talmadge Drive,,,149-542-2113
Gilberta,Sygroves,gsygroves7i@acquirethisname.com,Apt 1252,3 Warbler Hill,Sonora,85936,975-838-4782
Worden,Gosalvez,wgosalvez7j@example.com,11th Floor,598 Harbort Point,,,438-376-6796
Jodie,Taveriner,jtaveriner7k@nifty.com,PO Box 79403,46216 Crownhardt Park,,,469-212-9335
Lewie,Sherbrooke,lsherbrooke7l@harvard.edu,Suite 17,399 Harper Road,Texas,79764,432-801-5055
Gabi,Hattigan,ghattigan7m@state.tx.us,Suite 20,847 Morning Road,,,127-752-6653
Franklin,Clout,fclout7n@sogou.com,PO Box 24015,5118 Lakeland Way,,5609,408-979-3916
Brandice,Sheerin,bsheerin7o@wikia.com,Apt 76,449 Dayton Park,,,713-708-4168
Mannie,Gerhartz,mgerhartz7p@springer.com,Suite 38,32211 Onsgard Circle,,,753-922-2509
Niels,Stidever,nstidever7q@fc2.com,Room 1424,54043 Nobel Drive,Nordrhein-Westfalen,42349,144-793-9570
Glenn,Bosomworth,gbosomworth7r@netscape.com,Apt 1625,3 Harper Center,,959-2013,212-500-0022
Genia,Leneve,gleneve7s@google.es,15th Floor,6468 Northview Avenue,,,318-709-9526
Elisha,O'Corrigane,eocorrigane7t@51.la,3rd Floor,64766 Butternut Junction,,,489-279-9787
Herb,Mityukov,hmityukov7u@shinystat.com,PO Box 75980,0820 Manley Pass,,,108-728-9691
Idette,Desport,idesport7v@google.es,PO Box 61282,66 1st Parkway,,45745-000,237-224-4351
Jaquenetta,Landrean,jlandrean7w@etsy.com,Room 1393,55 Banding Court,Leiria,2420-173,420-187-0968
Marne,Conybear,mconybear7x@opera.com,Room 1597,16 Maple Wood Drive,,,238-675-0785
Kerk,Rabl,krabl7y@businesswire.com,Room 1425,554 Holy Cross Terrace,,,523-252-8396
Sibyl,Carff,scarff7z@diigo.com,Suite 95,42263 Manufacturers Junction,,6329,134-444-4334
Velvet,Donson,vdonson80@miitbeian.gov.cn,PO Box 83203,47664 Hooker Hill,,,210-449-9005
Klaus,Palfery,kpalfery81@globo.com,Apt 990,87 La Follette Center,,92000-000,468-925-7774
Jule,Mooreed,jmooreed82@mozilla.org,Suite 95,1 Schlimgen Court,,,713-787-4393
Umberto,Sighard,usighard83@zdnet.com,8th Floor,11621 Clemons Street,,,849-540-4991
Danya,Cotgrave,dcotgrave84@tinypic.com,5th Floor,860 Fairfield Drive,,,780-138-9930
Kellen,Chaplain,kchaplain85@pcworld.com,Room 1357,3 Stuart Road,,69850-000,998-193-6587
Luis,Lightman,llightman86@hexun.com,10th Floor,8 Shopko Place,,,834-272-1742
Deonne,De Pietri,ddepietri87@topsy.com,Suite 100,06004 Loomis Drive,,,193-169-9116
Welbie,Cawte,wcawte88@php.net,1st Floor,9 Judy Street,,729-0141,604-996-1641
Andriana,Drains,adrains89@yahoo.co.jp,18th Floor,9 4th Avenue,Évora,7090-021,803-484-1673
Oswald,Rogger,orogger8a@ebay.com,PO Box 197,4 Holy Cross Trail,,,433-600-7097
Wilt,Amberson,wamberson8b@smh.com.au,17th Floor,47639 Nevada Parkway,,,657-439-0851
Ethelind,Joddens,ejoddens8c@miitbeian.gov.cn,1st Floor,31 Dwight Pass,,11509,593-740-7154
Ermina,Casina,ecasina8d@npr.org,2nd Floor,51 Kedzie Way,Oslo,0492,409-383-7240
Thaddeus,Kaygill,tkaygill8e@tripadvisor.com,PO Box 64704,801 Badeau Avenue,,,485-711-5868
Bevan,Scardefield,bscardefield8f@java.com,PO Box 80412,5104 Village Green Pass,,,969-427-5424
Samuele,Heape,sheape8g@reference.com,Apt 1682,31 Corry Circle,,,521-179-8462
Vinita,Wisson,vwisson8h@exblog.jp,Suite 72,0411 Corscot Circle,,36660-000,872-510-1120
Martynne,Rosenschein,mrosenschein8i@pbs.org,14th Floor,85065 Armistice Way,,749 01,517-238-6734
Charo,Edis,cedis8j@chronoengine.com,PO Box 16431,3262 Rutledge Point,,26000-000,842-458-6791
Eduardo,Clotworthy,eclotworthy8k@etsy.com,PO Box 65103,097 Novick Alley,Västra Götaland,461 91,467-129-6011
Dorey,Fleming,dfleming8l@pinterest.com,Suite 80,52494 Westend Avenue,,,960-163-7394
Ermina,Thorrington,ethorrington8m@google.com.au,Apt 301,73 Gulseth Plaza,,,911-454-9405
Donnajean,Hars,dhars8n@i2i.jp,PO Box 73268,79 Lakeland Hill,,,121-791-6161
Andriana,Lipprose,alipprose8o@cargocollective.com,Apt 1144,6811 Mariners Cove Place,,,589-121-6051
Holly-anne,Cuxson,hcuxson8p@nymag.com,PO Box 24053,21123 Larry Center,,,716-686-5294
Wylie,O' Kelleher,wokelleher8q@nyu.edu,1st Floor,4298 Maple Wood Circle,,,586-144-4355
Sayer,Jouaneton,sjouaneton8r@taobao.com,Suite 75,06 Anderson Park,,,236-480-7271
Tersina,Boddam,tboddam8s@intel.com,PO Box 43537,658 Mosinee Lane,,338 24,731-856-6698
Renaud,Mathewes,rmathewes8t@cbslocal.com,Apt 424,2259 Schiller Alley,,,831-416-6259
Garrott,Reeve,greeve8u@senate.gov,Room 1576,255 Twin Pines Lane,Hessen,34132,628-837-3467
Nickey,Casaccio,ncasaccio8v@is.gd,11th Floor,5084 Grasskamp Hill,,,141-509-2444
Jillana,Tothacot,jtothacot8w@skyrock.com,3rd Floor,0 Sachtjen Avenue,,,267-689-3217
Celene,Lordon,clordon8x@typepad.com,17th Floor,7 Stone Corner Drive,Vila Real,4880-106,405-213-0746
Corinna,Pengilley,cpengilley8y@fda.gov,Room 487,9 Dryden Parkway,,D09,554-817-6010
Carla,O'Beirne,cobeirne8z@dagondesign.com,Apt 1125,32158 Tomscot Trail,,,371-465-0902
Misha,Humbey,mhumbey90@cdbaby.com,PO Box 32209,06358 Gale Center,,5930,833-725-0830
Cammy,Siviter,csiviter91@over-blog.com,Room 590,817 Aberg Pass,,,705-269-2599
Xena,Villa,xvilla92@qq.com,Room 624,70 Shoshone Center,,,507-468-9317
Magdalen,Cosgrive,mcosgrive93@posterous.com,Room 30,5 Susan Road,,,773-160-2309
Laney,Bessett,lbessett94@smugmug.com,Apt 121,87 Roth Center,,,266-246-7654
Natalya,MacNalley,nmacnalley95@noaa.gov,Apt 104,18568 Graceland Way,,,233-838-1173
Ingeborg,Widdison,iwiddison96@godaddy.com,PO Box 14161,24507 Spaight Alley,,102745,162-798-9367
Pippa,Leadston,pleadston97@discuz.net,Apt 1000,45 Manufacturers Place,,362-0025,518-310-3407
Lorry,Lehr,llehr98@parallels.com,1st Floor,2741 Elgar Point,Braga,4760-018,325-143-3787
Tonia,Stanton,tstanton99@springer.com,Suite 99,43 Canary Way,,,155-194-5517
Aleda,Daish,adaish9a@ft.com,Apt 744,52 Moose Pass,,,881-844-4667
Minny,Heeley,mheeley9b@arizona.edu,PO Box 42857,83 Helena Center,,09-304,667-543-7232
Stephenie,Boddy,sboddy9c@privacy.gov.au,Apt 640,345 Hazelcrest Lane,,,219-838-7217
Des,Hancill,dhancill9d@list-manage.com,Apt 515,40 Mosinee Avenue,,433791,777-181-3314
Minette,Grafhom,mgrafhom9e@who.int,Suite 36,37 Jay Plaza,,357433,213-408-0362
Roderich,Frankiewicz,rfrankiewicz9f@quantcast.com,PO Box 33200,6 Hooker Trail,,,199-700-1022
Andreas,Dougill,adougill9g@cloudflare.com,PO Box 87556,97931 Red Cloud Avenue,,3009,254-461-8977
Madelena,Gauld,mgauld9h@cdbaby.com,PO Box 96838,8 Mockingbird Road,,,366-880-0579
Elliott,Durrett,edurrett9i@fastcompany.com,Room 1273,46 Cardinal Terrace,,,506-876-7039
Codie,Tanser,ctanser9j@bigcartel.com,Apt 1861,40 Bowman Pass,,641960,558-492-7918
Glyn,Hapke,ghapke9k@elpais.com,PO Box 43856,381 Meadow Ridge Center,,,222-155-5519
Harv,Winward,hwinward9l@nih.gov,3rd Floor,3 Melrose Trail,,8014,745-271-7234
Marcelia,Cleobury,mcleobury9m@wikia.com,Room 784,363 Reindahl Road,,65031,969-443-5974
Merilyn,Worsfold,mworsfold9n@edublogs.org,Apt 4,85398 Memorial Road,,,288-267-1732
Kylila,Swindle,kswindle9o@moonfruit.com,Apt 1441,864 Quincy Alley,,,413-960-0510
Emeline,Hughman,ehughman9p@soundcloud.com,Suite 48,23677 Scofield Way,,,710-444-4264
Alphard,Hambrick,ahambrick9q@nyu.edu,Apt 31,3 Lillian Court,,172126,842-616-8622
Randee,Paddell,rpaddell9r@mediafire.com,Suite 25,2 Mitchell Terrace,,366041,106-520-0862
Lorilee,Blunkett,lblunkett9s@flickr.com,Room 660,3773 Corscot Junction,,,533-336-6470
Virgilio,Rushe,vrushe9t@disqus.com,PO Box 24631,78699 Hoepker Hill,,6017,338-718-4161
Carrissa,Tolland,ctolland9u@oracle.com,Apt 19,67 Fairfield Hill,,,158-453-0449
Charlene,Freund,cfreund9v@tripod.com,Apt 967,9 Crownhardt Terrace,Castilla - Leon,24193,122-226-3242
Eirena,Aslet,easlet9w@examiner.com,PO Box 9800,6 Shoshone Lane,,L-7794,779-983-2157
Billie,Sharpless,bsharpless9x@craigslist.org,PO Box 15697,95756 Scofield Avenue,,45140,523-397-0987
Marijo,Olivari,molivari9y@tinyurl.com,13th Floor,9 1st Crossing,Bayern,90480,847-225-1179
Lyon,Dabell,ldabell9z@msu.edu,PO Box 92154,48682 Trailsway Way,,,859-623-5661
Kent,Butts,kbuttsa0@shutterfly.com,9th Floor,634 Blaine Pass,,647462,279-165-2915
Had,Brosnan,hbrosnana1@reddit.com,6th Floor,8845 Arizona Plaza,,366041,748-797-8905
Christoforo,Garbutt,cgarbutta2@ocn.ne.jp,PO Box 50157,683 Del Sol Pass,,6604,961-199-6250
Fay,Harriskine,fharriskinea3@google.ca,PO Box 55324,18 School Road,Provence-Alpes-Côte d'Azur,13155 CEDEX,553-742-8311
Marlee,Hunsworth,mhunswortha4@cafepress.com,PO Box 54117,96161 Sachtjen Circle,,624320,385-534-2821
Miof mela,Adin,madina5@hibu.com,15th Floor,7 Mccormick Drive,Västra Götaland,433 84,600-572-6150
Lemmie,Culleton,lculletona6@mapquest.com,Apt 1948,96760 Ilene Lane,,,920-339-2833
Domeniga,Franzman,dfranzmana7@fema.gov,Apt 1461,4745 Pennsylvania Crossing,,,934-204-5028
Garv,Androck,gandrocka8@surveymonkey.com,Room 1515,2 Cottonwood Terrace,Veracruz Llave,93995,644-128-7761
Dwight,Blencoe,dblencoea9@mlb.com,PO Box 33255,44 Lawn Plaza,,,967-594-1322
Malynda,Tammadge,mtammadgeaa@blogger.com,Suite 58,789 Killdeer Street,Martinique,97265 CEDEX,464-565-0111
Batholomew,Beare,bbeareab@rambler.ru,Apt 328,7 Anthes Street,,,708-873-8444
Grange,Siemantel,gsiemantelac@merriam-webster.com,PO Box 54564,30902 Merrick Parkway,,,214-279-3608
Ches,Helder,chelderad@nhs.uk,Suite 45,889 Sunfield Avenue,,,104-717-8120
Saidee,Brinsford,sbrinsfordae@github.com,PO Box 82442,4452 Northwestern Place,,626125,256-928-3395
Letizia,Papaccio,lpapaccioaf@meetup.com,Apt 1168,5 Packers Plaza,,,161-908-0335
Donny,Galvin,dgalvinag@economist.com,PO Box 96676,956 Bunker Hill Street,,75460-000,508-535-1245
Early,Beckett,ebeckettah@sina.com.cn,PO Box 27242,177 Annamark Way,,29251,233-734-2291
Malynda,Verling,mverlingai@ezinearticles.com,Apt 1807,57503 Donald Lane,,K78,793-491-1828
Thaine,Eul,teulaj@list-manage.com,18th Floor,332 Spohn Plaza,Rhône-Alpes,69924 CEDEX,525-451-5681
Meredithe,Esel,meselak@aboutads.info,17th Floor,6273 Bellgrove Point,,,689-959-0337
Enrico,Glasscoe,eglasscoeal@thetimes.co.uk,4th Floor,3 Holmberg Circle,,,516-521-6576
Lexine,Luetkemeyer,lluetkemeyeram@privacy.gov.au,19th Floor,981 Saint Paul Avenue,,,980-815-2914
Roxane,Vanini,rvaninian@theglobeandmail.com,PO Box 49311,83 Crownhardt Park,,519-3674,596-377-1635
Jay,Skarr,jskarrao@opensource.org,5th Floor,74496 Sunbrook Alley,,,553-363-5066
Starla,Maiklem,smaiklemap@accuweather.com,18th Floor,9 Tennessee Point,,,247-928-5692
Dukey,Kubik,dkubikaq@nhs.uk,Apt 1908,616 Loftsgordon Alley,,,548-412-4492
Fern,Scedall,fscedallar@live.com,Room 872,754 Stuart Place,,,134-593-4277
Dyanna,Plet,dpletas@netvibes.com,13th Floor,3481 Fuller Circle,,,252-152-5620
Roseann,Fripp,rfrippat@rediff.com,Apt 1285,18065 Florence Trail,,,501-429-0916
Gabriela,Dillintone,gdillintoneau@army.mil,16th Floor,6 Village Terrace,,73201,673-479-2141
Lynnea,Daal,ldaalav@statcounter.com,Apt 796,6635 American Point,,93950-000,651-437-4031
Shaine,Lackham,slackhamaw@google.com.br,PO Box 7804,04325 Merrick Avenue,,36770-000,474-632-8441
Ardella,Eady,aeadyax@homestead.com,Room 1190,6707 Tony Court,,17-301,568-558-8830
Carlene,Keyse,ckeyseay@apple.com,Apt 105,5066 Emmet Trail,California,92176,619-616-0114
Brenn,Hanny,bhannyaz@parallels.com,Room 535,96939 Service Junction,,6109,203-401-5657
Chickie,Landsberg,clandsbergb0@guardian.co.uk,Room 1699,8 Emmet Trail,Putrajaya,62150,564-465-5407
Glory,Iffe,giffeb1@goodreads.com,17th Floor,87908 Dennis Circle,Ontario,P2N,510-575-6532
Heriberto,Jarrard,hjarrardb2@squidoo.com,Suite 71,2206 Westridge Pass,Nordrhein-Westfalen,33619,745-992-1509
Skippie,Jarville,sjarvilleb3@amazon.co.jp,Suite 26,69 Haas Alley,,2140,507-316-1314
Christoforo,Timmens,ctimmensb4@facebook.com,Room 189,1 Cardinal Drive,,13460-000,225-379-8545
Lovell,Lascell,llascellb5@discuz.net,PO Box 53205,14 Fallview Parkway,,,831-539-5032
Hannis,Meyrick,hmeyrickb6@facebook.com,Room 281,3788 Melody Circle,Comunidad Valenciana,03184,326-663-0962
Sterne,Cust,scustb7@deliciousdays.com,Room 1741,21671 Lakeland Park,,,128-930-6565
Seth,Rothery,srotheryb8@independent.co.uk,Room 1772,6 Susan Street,,,506-557-5120
Norbie,Kunert,nkunertb9@printfriendly.com,Room 878,1 Bluestem Hill,Wallonie,7536,165-131-6970
Valeda,McFetridge,vmcfetridgeba@yale.edu,Suite 15,072 Fulton Center,,4221,443-259-2279
Aluino,Billham,abillhambb@utexas.edu,Suite 30,55 Loftsgordon Hill,,6610,433-615-1610
Heindrick,Pelcheur,hpelcheurbc@salon.com,PO Box 90019,84 Talmadge Crossing,,,348-956-2581
Jan,MacTerlagh,jmacterlaghbd@symantec.com,Apt 1378,877 Boyd Street,,6036,462-484-7772
Renata,Port,rportbe@desdev.cn,Suite 51,0837 Columbus Drive,,624449,388-159-3159
Russ,Humbey,rhumbeybf@bandcamp.com,Room 547,8 Montana Road,,64150,809-689-2191
Codi,O'Lennane,colennanebg@theatlantic.com,20th Floor,56 Vera Junction,,400 04,939-455-4755
Kaylil,Mithun,kmithunbh@slideshare.net,Suite 60,4 Scofield Terrace,,,119-463-2215
Melonie,Wardrope,mwardropebi@twitpic.com,Apt 31,6497 Ruskin Street,,,448-769-5237
Bliss,Jouanny,bjouannybj@cafepress.com,Apt 1184,0 Union Court,,,252-608-4431
Luelle,Jeannesson,ljeannessonbk@feedburner.com,Suite 53,69866 Sutherland Plaza,Södermanland,645 51,627-333-6656
Bruno,Bangiard,bbangiardbl@ucoz.com,1st Floor,70 High Crossing Road,,5223,976-972-5415
Tait,Prescote,tprescotebm@time.com,3rd Floor,81828 Fulton Place,,,491-826-4554
Eirena,Nealon,enealonbn@youku.com,Suite 80,04 Daystar Crossing,,40951,290-247-2317
Jenilee,Bruneau,jbruneaubo@istockphoto.com,PO Box 96957,6069 Sherman Junction,,72-510,954-525-9168
Gaynor,Basler,gbaslerbp@sina.com.cn,17th Floor,1 Vidon Park,,,436-336-1536
Noellyn,Tompkin,ntompkinbq@nsw.gov.au,Suite 31,6325 David Plaza,,,174-813-1072
Bayard,Lowings,blowingsbr@yahoo.com,PO Box 7388,4 Stone Corner Road,,,595-112-2879
Auria,Behling,abehlingbs@deliciousdays.com,PO Box 49866,9 Gulseth Place,,,359-553-0138
Wynn,Pynner,wpynnerbt@businessweek.com,Room 1978,4553 Hauk Parkway,Alberta,T8R,142-594-6546
Josey,Cressor,jcressorbu@scribd.com,Suite 96,259 Milwaukee Plaza,Florida,33196,786-109-4533
Shell,Mariner,smarinerbv@so-net.ne.jp,19th Floor,9 Dixon Trail,,624287,733-182-7642
Ludwig,Venus,lvenusbw@1und1.de,Apt 148,62810 Bultman Park,,346580,241-965-6973
Scarface,Nevet,snevetbx@addthis.com,PO Box 4434,6015 Maryland Hill,,658476,676-291-9601
Zared,Taveriner,ztaverinerby@so-net.ne.jp,1st Floor,914 Delladonna Hill,,,204-353-1614
Boniface,Preston,bprestonbz@arstechnica.com,Suite 66,270 Prairie Rose Court,Virginia,24034,540-805-7598
Myranda,Creeber,mcreeberc0@dyndns.org,3rd Floor,2925 Tony Avenue,,73750-000,905-548-7112
Simeon,Cuttle,scuttlec1@unicef.org,Apt 1086,911 Crest Line Hill,,,260-495-9770
Paxton,Fruen,pfruenc2@usnews.com,Apt 1810,4112 Kennedy Avenue,,,459-154-2012
Tricia,Wilkins,twilkinsc3@economist.com,Room 1566,7474 Lighthouse Bay Park,,,939-121-8611
Kissee,Latchford,klatchfordc4@addthis.com,5th Floor,09036 Grim Park,,74120,851-560-1639
Adrea,Moody,amoodyc5@pcworld.com,PO Box 39018,128 Rusk Crossing,,,779-218-0834
Gui,Turbayne,gturbaynec6@hostgator.com,12th Floor,70496 Prairieview Road,,,975-775-3283
Nicko,Degoey,ndegoeyc7@gizmodo.com,Room 442,3 Bluejay Place,,,548-425-8238
Debi,Maier,dmaierc8@wisc.edu,Room 1470,10 Colorado Street,,252 46,601-108-4950
Dunstan,Northwood,dnorthwoodc9@sciencedirect.com,1st Floor,886 Troy Court,,511 01,138-682-7458
Emelen,Harner,eharnerca@youtu.be,14th Floor,66026 Heath Pass,Ontario,E6J,445-910-4106
Gabriel,Gleadhell,ggleadhellcb@state.tx.us,Apt 496,7252 Lunder Street,,16008,599-754-4990
Missie,Cargon,mcargoncc@diigo.com,17th Floor,54 Del Sol Drive,Île-de-France,91154 CEDEX,701-766-7210
Jo ann,Ellsworthe,jellsworthecd@netlog.com,2nd Floor,99936 Truax Hill,,,880-138-5192
Elfrida,Lamberth,elamberthce@mozilla.com,PO Box 12018,41534 Graceland Plaza,,,877-113-2052
Frankie,Lanegran,flanegrancf@unicef.org,Room 332,267 Beilfuss Road,,70000-000,161-338-3163
Erna,Gurton,egurtoncg@freewebs.com,Room 1147,60708 Sugar Crossing,,,353-342-8101
Broderic,Syddall,bsyddallch@hc360.com,Apt 1818,86 Karstens Street,,,762-556-0389
Paton,Crocken,pcrockenci@ftc.gov,Apt 1586,89 Troy Avenue,Franche-Comté,39804 CEDEX,918-794-0708
Lucina,Risen,lrisencj@nifty.com,Room 1570,96 Sundown Hill,,668150,936-256-1118
Tarrah,Olney,tolneyck@businessinsider.com,Apt 1494,1 Shopko Place,,,900-661-7263
Doro,Merritt,dmerrittcl@360.cn,5th Floor,60 Roth Parkway,,,602-142-9542
Carter,Craw,ccrawcm@canalblog.com,1st Floor,806 Bay Plaza,,,986-151-7825
Rooney,Le Huquet,rlehuquetcn@canalblog.com,PO Box 92260,18559 Eagan Crossing,Midi-Pyrénées,82037 CEDEX,762-142-4947
Bonnie,Giffon,bgiffonco@youtu.be,Room 1917,9 Marcy Terrace,,,384-341-5076
Arnaldo,Holworth,aholworthcp@tinyurl.com,Apt 301,2 High Crossing Crossing,,MD-5114,808-811-0580
Shepherd,Loft,sloftcq@etsy.com,Suite 51,45 Westport Way,,618541,556-258-5647
Manny,Borzoni,mborzonicr@netlog.com,PO Box 92134,68204 Evergreen Circle,,10016,350-990-2709
Merlina,Chrismas,mchrismascs@ftc.gov,Room 1762,7339 Cambridge Circle,,,125-545-8502
Sher,Woolvett,swoolvettct@eepurl.com,PO Box 6463,342 Arapahoe Road,Hordaland,5007,292-273-6504
Arri,Gudgion,agudgioncu@addthis.com,Suite 13,8281 Marquette Court,,,449-785-5802
Valene,Brayford,vbrayfordcv@ebay.co.uk,11th Floor,71631 Comanche Park,,363503,884-745-0722
Noel,Dendon,ndendoncw@oakley.com,PO Box 25980,3 Prairie Rose Place,,,474-736-5685
Jens,Tallon,jtalloncx@goo.ne.jp,Room 398,073 Pearson Trail,,SLC,628-405-0041
Casper,Bugg,cbuggcy@diigo.com,20th Floor,52 Hoepker Place,Baden-Württemberg,79106,714-682-2600
Timothy,Karel,tkarelcz@techcrunch.com,Room 1886,8050 Fisk Court,Île-de-France,78718 CEDEX,968-178-7569
Ardath,Castles,acastlesd0@4shared.com,Room 1587,9727 Hoard Alley,,,618-374-0815
Kellen,Ballsdon,kballsdond1@acquirethisname.com,Suite 33,7163 Stuart Court,Texas,88530,915-354-5996
Hall,Huster,hhusterd2@apache.org,Room 1030,14557 Dapin Center,,,840-763-5023
Jami,Mozzini,jmozzinid3@lycos.com,11th Floor,5131 Mifflin Drive,,97570-000,142-520-3017
Theodosia,Dalmon,tdalmond4@youku.com,Room 392,0 Loftsgordon Crossing,,,649-463-5818
Darline,Wathell,dwathelld5@wsj.com,Apt 1914,536 Alpine Lane,Stockholm,123 71,826-273-9127
Jan,Udale,judaled6@hhs.gov,PO Box 58700,90862 Portage Parkway,,49090,578-642-3413
Skip,Beagen,sbeagend7@issuu.com,Suite 42,27420 Brentwood Terrace,,,213-252-7188
Phebe,Metherell,pmetherelld8@biblegateway.com,Suite 38,465 Grasskamp Park,,13170,470-182-0967
Addie,Bellson,abellsond9@mit.edu,Room 1748,718 Towne Hill,,,394-471-8313
Ringo,Winslett,rwinslettda@elpais.com,Room 127,57 Bartelt Junction,,6254,303-765-9983
Katina,Alves,kalvesdb@globo.com,Apt 246,20350 Annamark Center,,09015,879-523-0478
Herc,Lebbon,hlebbondc@kickstarter.com,PO Box 41789,1 Gulseth Drive,,,951-363-6724
Serena,Petersen,spetersendd@blog.com,PO Box 35220,41879 Buhler Park,,677-0043,416-208-4136
Michal,Bonavia,mbonaviade@t.co,Apt 1184,3698 Duke Lane,,,184-154-6855
Ardys,Verrillo,averrillodf@phoca.cz,PO Box 82458,3352 Old Shore Point,,739 84,766-453-5588
Karna,Nail,knaildg@blogtalkradio.com,1st Floor,01 Coolidge Park,Stockholm,105 22,360-730-5804
Witty,Plak,wplakdh@narod.ru,2nd Floor,1 Truax Point,England,DL8,170-885-9084
Tremain,Henzley,thenzleydi@columbia.edu,Room 1035,0375 Dapin Point,,,455-749-1981
Broddie,Biggen,bbiggendj@wikipedia.org,Apt 357,49 Continental Drive,Chihuahua,33538,205-600-9842
Thacher,Syce,tsycedk@ca.gov,18th Floor,3 New Castle Center,California,94807,510-421-2629
Terrence,Schimon,tschimondl@networkadvertising.org,Suite 87,206 Packers Lane,,,793-876-7771
Richie,Neve,rnevedm@sakura.ne.jp,Apt 1965,90 American Ash Park,,353983,250-743-5226
Gale,Blumson,gblumsondn@google.co.jp,Room 398,755 West Avenue,,,954-472-3055
Felipe,Bartolomeu,fbartolomeudo@engadget.com,Apt 1897,27 Warbler Parkway,,191507,387-353-6762
Maxim,Verring,mverringdp@epa.gov,Suite 50,207 Aberg Terrace,,,833-673-8444
Haze,Keppie,hkeppiedq@shareasale.com,Suite 55,1 Springview Trail,,9227,691-118-0056
Editha,Fero,eferodr@ow.ly,PO Box 85909,7889 Maple Pass,,,455-554-6464
Rhody,Guard,rguardds@boston.com,PO Box 79233,83882 Orin Junction,,,650-739-2538
Rice,Betun,rbetundt@github.io,Apt 867,23028 Lerdahl Street,,999-3145,473-408-5544
Alisander,Abrahmer,aabrahmerdu@samsung.com,13th Floor,47 Sundown Road,,,724-575-7592
Ferdinanda,Ambresin,fambresindv@washington.edu,20th Floor,53 Stone Corner Parkway,,10260,399-389-9703
Chick,Tremoille,ctremoilledw@furl.net,Room 403,73097 Steensland Drive,Lisboa,2565-245,481-998-3015
Dacie,Ashness,dashnessdx@tmall.com,Suite 66,3621 Eastlawn Drive,,,538-627-5523
Tomasine,Auten,tautendy@mozilla.com,PO Box 38615,562 Judy Alley,,,726-158-6753
Mercy,Jaxon,mjaxondz@discovery.com,11th Floor,48340 Farmco Junction,,,470-901-2961
Morgun,Gable,mgablee0@wisc.edu,Suite 25,027 Ridge Oak Avenue,,,543-737-8756
Cart,Delacour,cdelacoure1@virginia.edu,Suite 30,098 Ramsey Circle,Norrbotten,981 22,341-260-6264
Niels,Merrett,nmerrette2@example.com,6th Floor,200 Anderson Place,,,359-208-7111
Lock,Paolicchi,lpaolicchie3@gizmodo.com,PO Box 3727,88 Stoughton Drive,,636845,785-446-1838
Donal,Langran,dlangrane4@discuz.net,Suite 62,7992 Oak Drive,,,766-357-6362
Trace,Tomczykiewicz,ttomczykiewicze5@sphinn.com,16th Floor,2 Anderson Drive,Michoacan De Ocampo,61150,427-239-8771
Tessa,Sollis,tsollise6@youku.com,7th Floor,662 Aberg Point,,,785-573-1420
Baily,Bunn,bbunne7@tiny.cc,1st Floor,43307 Center Alley,,501-4455,334-966-6465
Claudetta,Blacker,cblackere8@china.com.cn,Room 911,020 Golden Leaf Way,Québec,J7J,357-732-5976
Olenka,Giraudo,ogiraudoe9@squidoo.com,PO Box 73625,92 6th Place,,,541-323-0173
Brunhilda,Ivashkov,bivashkovea@yellowbook.com,Room 1212,376 Badeau Road,,47-451,847-404-3929
Marysa,Winning,mwinningeb@msn.com,Suite 17,551 Bartelt Way,,26-333,843-371-5321
Pearle,Cullerne,pcullerneec@blogger.com,Apt 667,1 Hollow Ridge Center,Oaxaca,70317,289-602-0101
Kris,Fluin,kfluined@wikispaces.com,2nd Floor,92 Coolidge Street,,,830-755-5371
Gan,Stanaway,gstanawayee@ihg.com,Suite 9,6463 Ramsey Plaza,,87490-000,294-384-1480
Claude,McCue,cmccueef@csmonitor.com,Suite 26,1 Scoville Road,,,268-361-6359
Vivienne,Schaumann,vschaumanneg@home.pl,13th Floor,6 Mitchell Avenue,,,973-165-8151
Maxie,Smallshaw,msmallshaweh@berkeley.edu,Suite 67,3194 Harbort Circle,,,462-767-1257
Reynold,Eglinton,reglintonei@uol.com.br,12th Floor,0 Sutherland Parkway,,,671-498-3655
Antin,Workman,aworkmanej@mayoclinic.com,Apt 1678,624 Paget Lane,,,813-549-7144
Mimi,Bourgourd,mbourgourdek@bluehost.com,Apt 464,170 Meadow Valley Junction,,6417,538-322-6193
Mic,Kertess,mkertessel@sfgate.com,Room 1232,03215 Hollow Ridge Parkway,,,602-587-6869
Billye,Brazer,bbrazerem@hatena.ne.jp,Suite 61,30 Eastlawn Park,Provence-Alpes-Côte d'Azur,13348 CEDEX 20,468-508-1503
Leese,Boniface,lbonifaceen@wsj.com,Room 1132,3 Carberry Plaza,,,387-538-3207
Thorndike,Jaksic,tjaksiceo@slashdot.org,PO Box 5763,798 Cody Court,,8303,545-613-0821
Goldi,Polglase,gpolglaseep@state.gov,18th Floor,4 Rutledge Court,,,458-190-6065
Saree,Schoenleiter,sschoenleitereq@latimes.com,PO Box 69783,0487 Nova Street,Stockholm,178 54,885-436-4561
Joycelin,Hotton,jhottoner@discuz.net,Suite 41,74684 Glendale Pass,,32272,540-302-9332
Carmen,Keightley,ckeightleyes@barnesandnoble.com,Apt 1497,9 Barby Plaza,Skåne,271 60,839-625-3692
Lyn,Ackenhead,lackenheadet@paypal.com,Apt 381,13822 Washington Point,Västmanland,722 44,462-992-3306
Corey,Hollingsby,chollingsbyeu@webnode.com,14th Floor,6 Buena Vista Drive,,2307,673-156-1721
Electra,Pichan,epichanev@disqus.com,Apt 214,17852 Moose Trail,,37-550,611-974-5855
Randy,Boichat,rboichatew@meetup.com,Room 1484,9 Mandrake Lane,,,762-919-8306
Stearn,Feronet,sferonetex@china.com.cn,5th Floor,8348 Becker Pass,,,595-554-0814
Jeana,Le Provost,jleprovostey@state.gov,4th Floor,16 Kennedy Lane,,,248-214-5736
Cullin,Lightwing,clightwingez@shinystat.com,Apt 1049,57872 Graedel Junction,,,887-496-4328
Otha,Oiseau,ooiseauf0@bizjournals.com,Suite 57,80 Blaine Terrace,,6617,419-108-2134
Birgitta,Pennetta,bpennettaf1@facebook.com,Apt 1802,9643 Sauthoff Point,,93300-000,518-560-7493
Melita,Albury,malburyf2@salon.com,Apt 1579,95257 Prairie Rose Court,,,387-157-7437
Waldon,Shower,wshowerf3@ed.gov,Suite 92,05022 Upham Avenue,,,607-618-7829
Con,Lenglet,clengletf4@liveinternet.ru,Room 930,67065 Manufacturers Terrace,Aveiro,3810-833,674-251-6691
Dene,Dilworth,ddilworthf5@sbwire.com,Suite 11,98 Blue Bill Park Park,,,647-967-9690
Maurice,Vernay,mvernayf6@1und1.de,Suite 74,859 Petterle Hill,,,227-426-6579
Christan,Dinnis,cdinnisf7@goo.gl,Apt 1575,94472 Meadow Vale Junction,,6262,340-279-3131
Kris,Cohan,kcohanf8@surveymonkey.com,PO Box 75140,9752 Summerview Drive,,HMR,146-689-3160
Weston,Janauschek,wjanauschekf9@buzzfeed.com,2nd Floor,68331 Crest Line Way,,,875-627-2738
Paolina,Mangeot,pmangeotfa@blogtalkradio.com,PO Box 60181,2055 Cascade Street,,40320,986-528-7865
Zebulen,Rowling,zrowlingfb@who.int,Room 1369,084 Mayfield Place,,,857-853-4676
Agnella,Chopin,achopinfc@nhs.uk,Apt 1536,13573 Chinook Court,,673475,465-621-5252
Tanya,Deetch,tdeetchfd@webeden.co.uk,PO Box 40760,75 Linden Parkway,,,584-558-5054
Melonie,Longstreet,mlongstreetfe@yandex.ru,Suite 82,607 Corben Hill,Île-de-France,93584 CEDEX,444-891-5173
Glenn,Crowdace,gcrowdaceff@issuu.com,Room 444,712 Hauk Street,,,612-350-9564
Claudianus,Brandle,cbrandlefg@amazon.co.jp,Room 1715,6419 Derek Junction,,,699-219-0665
Aurilia,Corkel,acorkelfh@goodreads.com,PO Box 56375,11634 Merrick Lane,,D11,500-594-6652
Teddy,Bunnell,tbunnellfi@princeton.edu,Apt 1998,3 Twin Pines Lane,,,932-906-4673
Tania,Rodrig,trodrigfj@lulu.com,10th Floor,5 Fair Oaks Place,,,831-378-3006
Prinz,Meany,pmeanyfk@go.com,PO Box 94301,817 Merrick Parkway,Viseu,5120-165,252-945-8961
Karalee,Wigg,kwiggfl@nbcnews.com,Suite 18,26 Westend Court,,,327-275-8244
Paten,Trunks,ptrunksfm@howstuffworks.com,Apt 260,9024 Hanson Park,,,115-896-0066
Blondell,Spatoni,bspatonifn@feedburner.com,6th Floor,5276 Kinsman Pass,,,582-130-9446
Catherine,Mudd,cmuddfo@webmd.com,PO Box 26786,3 Golf View Trail,,,906-783-6360
Agace,Cordeix,acordeixfp@dailymotion.com,PO Box 13863,0866 High Crossing Park,,,697-510-1460
Hugibert,Hingeley,hhingeleyfq@geocities.jp,PO Box 80828,437 Elka Crossing,,,646-109-6341
Iris,Bingley,ibingleyfr@house.gov,Room 1707,084 Commercial Place,,,528-692-2397
Albina,Durant,adurantfs@example.com,PO Box 25165,03 Packers Center,,,381-413-6482
Ramonda,Wheelband,rwheelbandft@prweb.com,Apt 684,0 Hermina Court,,,525-962-3428
Ban,Mouncey,bmounceyfu@storify.com,Apt 876,67 La Follette Way,,197-0834,358-778-0939
Jaquelyn,Womersley,jwomersleyfv@xinhuanet.com,Suite 34,4 Randy Place,,,997-765-7090
Hanson,Boorer,hboorerfw@sbwire.com,Suite 99,023 Karstens Lane,,,868-705-9501
Shermy,Hamer,shamerfx@tinypic.com,PO Box 90676,7041 Blue Bill Park Center,,,267-220-2218
Shirleen,Scurrell,sscurrellfy@adobe.com,Suite 58,453 Artisan Plaza,,43901,692-610-0859
Kevyn,Meric,kmericfz@a8.net,Suite 73,22637 Mallory Lane,,53093,323-947-4860
Illa,Toms,itomsg0@mozilla.com,PO Box 24254,9 Novick Point,,,403-705-3677
Mindy,Keeler,mkeelerg1@umn.edu,PO Box 12880,6555 Eastlawn Avenue,,,229-117-6847
Kathie,Olivello,kolivellog2@studiopress.com,Suite 33,376 Oakridge Alley,Basse-Normandie,14030 CEDEX 4,974-584-0154
Cissy,Melanaphy,cmelanaphyg3@apache.org,Room 57,7610 Crest Line Plaza,,,387-337-2185
Clio,Merrisson,cmerrissong4@arstechnica.com,Room 1590,5788 Donald Terrace,,,612-477-3536
Em,Burkett,eburkettg5@reference.com,Room 1836,0 Banding Pass,Kentucky,40524,859-975-5802
Anny,Greiser,agreiserg6@hatena.ne.jp,PO Box 6526,330 Hayes Park,,,693-520-5967
Artemus,Treweke,atrewekeg7@shutterfly.com,Suite 70,19850 Morning Alley,Île-de-France,91154 CEDEX,689-366-8607
Monique,Colerick,mcolerickg8@networkadvertising.org,Apt 498,568 2nd Junction,,7025,563-325-7213
Sonni,McReath,smcreathg9@wikimedia.org,PO Box 75027,2978 Russell Court,,,225-945-7978
Lazar,Cragg,lcraggga@oracle.com,Suite 76,7 Miller Court,,,806-462-2175
Mona,Lomansey,mlomanseygb@dot.gov,PO Box 80942,4 Westerfield Hill,,,807-104-8144
Hyacinthe,Jenicek,hjenicekgc@ucoz.ru,PO Box 39577,4 Gerald Pass,Leiria,2430-418,533-234-9706
Tildi,Seale,tsealegd@artisteer.com,Suite 80,05506 Blackbird Avenue,,,303-475-4194
Amalea,Damrell,adamrellge@biglobe.ne.jp,Apt 801,8 Rutledge Lane,,5035,403-817-3075
Leticia,Gummery,lgummerygf@senate.gov,Room 850,7 Randy Trail,,3120,599-281-5067
Claribel,Travers,ctraversgg@shop-pro.jp,Room 73,459 Merry Road,Kalmar,387 95,406-705-6886
Olvan,Demetr,odemetrgh@amazon.de,PO Box 8032,60 Jenifer Park,,,227-437-0653
Julianne,Alenov,jalenovgi@ebay.co.uk,PO Box 97862,82 Eastwood Way,,,586-276-7121
Chelsey,Bonevant,cbonevantgj@fotki.com,13th Floor,7 Shasta Plaza,,5713,507-274-0302
Flossy,Ellacott,fellacottgk@ezinearticles.com,PO Box 63680,255 Pleasure Alley,Beja,7750-124,927-227-2383
Alisha,Yoslowitz,ayoslowitzgl@mediafire.com,Room 1211,43 Eastwood Terrace,,,757-670-9261
Saleem,Giraudy,sgiraudygm@1und1.de,Apt 410,979 Prentice Crossing,,,833-712-8810
Jemimah,Woolens,jwoolensgn@free.fr,Suite 67,9406 Orin Park,,,108-647-2953
Jasun,Nickell,jnickellgo@patch.com,9th Floor,8959 Oxford Junction,,48600-000,954-766-5390
Kahlil,Berzon,kberzongp@ask.com,Suite 62,00 Montana Hill,,,985-638-7829
Bondon,Doddrell,bdoddrellgq@bluehost.com,Apt 1413,730 Myrtle Street,,,977-816-2023
Harcourt,Ditchfield,hditchfieldgr@digg.com,PO Box 59355,3 Mendota Road,,66-436,877-384-9588
Broderic,Hollyar,bhollyargs@last.fm,Room 1122,24 Arizona Alley,,,402-897-5683
Henry,Nutton,hnuttongt@si.edu,Suite 88,20 Grover Alley,,,208-504-7938
Ruy,Owain,rowaingu@theatlantic.com,7th Floor,80 Schlimgen Avenue,,,935-861-6924
Carolus,Povah,cpovahgv@amazon.co.jp,3rd Floor,27115 Farwell Plaza,Västra Götaland,418 03,734-338-9378
Lilas,Le feuvre,llefeuvregw@symantec.com,14th Floor,51 Kinsman Plaza,,,731-639-0517
Thorn,Stroulger,tstroulgergx@msn.com,PO Box 40582,3 Dottie Crossing,Sachsen,09123,560-827-9067
Geraldine,Livesley,glivesleygy@alexa.com,PO Box 77368,3 Redwing Road,,,750-356-2929
Effie,Wadley,ewadleygz@bizjournals.com,Room 827,04 Sycamore Circle,,,393-847-0260
Reynold,Kobierra,rkobierrah0@google.pl,Suite 27,269 Russell Park,,,722-976-7707
Chadwick,Steers,csteersh1@i2i.jp,16th Floor,6261 Barby Trail,,379-2314,870-145-4823
Janis,Daunay,jdaunayh2@plala.or.jp,Suite 90,57 Bultman Point,,,816-147-3283
Gussie,Wrought,gwroughth3@over-blog.com,Apt 1737,5 Rusk Trail,,7008,981-514-0487
Lawton,Teather,lteatherh4@arizona.edu,Apt 1590,5 Manley Trail,,,566-211-3510
Emmye,Cello,ecelloh5@forbes.com,Apt 933,2913 Ruskin Road,,,993-822-9500
Meredithe,Tute,mtuteh6@home.pl,Apt 1912,2 Sloan Trail,Leiria,2500-370,180-267-2091
Mattheus,Broadnicke,mbroadnickeh7@hp.com,13th Floor,0708 Dottie Junction,,,594-115-6849
Waldemar,Rein,wreinh8@dedecms.com,Apt 946,9427 Dahle Trail,,20170,592-786-6622
Clerkclaude,Romain,cromainh9@ow.ly,Suite 57,07386 Loomis Place,,,131-705-4003
Kingston,Bosley,kbosleyha@bloglines.com,Suite 81,290 Monument Place,Lorraine,57751 CEDEX 9,904-883-4630
Zoe,Kington,zkingtonhb@mapy.cz,8th Floor,58 Melrose Way,,,400-245-2183
Joaquin,Magrannell,jmagrannellhc@va.gov,Room 79,2065 Superior Drive,,5419,221-288-8951
Kailey,Pember,kpemberhd@intel.com,Suite 71,8750 Harbort Alley,,,736-616-8076
Doris,Shillaker,dshillakerhe@oakley.com,PO Box 4824,3 Mayer Circle,,,976-852-7519
Betti,Biscomb,bbiscombhf@nba.com,18th Floor,6090 Oxford Drive,Niedersachsen,38106,454-165-9264
Adel,Jurgenson,ajurgensonhg@comcast.net,12th Floor,84 Memorial Pass,,,523-697-9943
Dag,Kuhnhardt,dkuhnhardthh@nhs.uk,6th Floor,7015 Center Drive,Nova Scotia,B4V,827-522-1004
Miquela,Kindread,mkindreadhi@tinyurl.com,PO Box 22342,703 Mcbride Junction,,,155-587-8421
Benoite,Hexham,bhexhamhj@un.org,PO Box 63130,29 Ilene Street,,,296-929-5236
Courtnay,Foulsham,cfoulshamhk@yolasite.com,Room 1120,833 Nancy Trail,,,709-138-7824
Harbert,Pydcock,hpydcockhl@stumbleupon.com,Room 1570,137 Sunfield Center,Stockholm,124 76,168-302-5504
Pen,Jozwicki,pjozwickihm@artisteer.com,Room 342,5543 Bultman Road,,3185,951-254-4460
Roseline,Landsbury,rlandsburyhn@github.io,Suite 89,3 Forest Dale Park,Halland,439 37,248-630-1283
Denni,Witcombe,dwitcombeho@guardian.co.uk,13th Floor,52865 Kensington Way,,6536,427-800-8351
Melina,Pinching,mpinchinghp@cargocollective.com,Suite 47,1239 Dixon Park,,K34,959-626-3323
Stefa,Stanes,sstaneshq@imageshack.us,20th Floor,503 Rowland Road,,,232-355-8954
Bail,Darleston,bdarlestonhr@pen.io,Suite 99,16 Continental Way,,,142-977-1004
Mattheus,Dunne,mdunnehs@ihg.com,Apt 985,90 Glendale Trail,,70101,609-335-6455
Chancey,Jedrzej,cjedrzejht@cpanel.net,Apt 1273,0 Donald Lane,,1412,195-597-4958
Kirk,Frostdick,kfrostdickhu@geocities.jp,Room 1516,39 Valley Edge Circle,,,775-967-0380
Ciel,Stryde,cstrydehv@umn.edu,Room 1061,35098 Sheridan Plaza,,,994-347-6811
Shirline,O'Meara,somearahw@independent.co.uk,Room 723,31 Tomscot Hill,,,759-802-1441
Bathsheba,Inmett,binmetthx@mysql.com,Suite 100,37 Farwell Parkway,,613155,982-225-4184
Yale,Ivakin,yivakinhy@163.com,PO Box 9603,32098 Orin Crossing,,,703-310-8766
Penny,France,pfrancehz@last.fm,Apt 1213,4 Upham Street,,,733-311-7299
Anna-maria,Bourdice,abourdicei0@xing.com,5th Floor,195 Schmedeman Hill,Jönköping,556 31,719-548-7624
Boy,Crowdace,bcrowdacei1@technorati.com,3rd Floor,384 Surrey Point,,745-0654,741-783-6116
Corabelle,Iseton,cisetoni2@shutterfly.com,PO Box 43280,52 Armistice Road,,,747-858-5747
Jerald,Cubin,jcubini3@unicef.org,Suite 13,16 Mcguire Way,,5014,990-660-9484
Mikol,Southwood,msouthwoodi4@umn.edu,Room 433,78225 Bunker Hill Court,,,129-778-5714
Heidi,Mapam,hmapami5@boston.com,Apt 1578,48822 Redwing Crossing,,3005,507-241-0187
Buddy,Pietsma,bpietsmai6@si.edu,Suite 45,8886 Golden Leaf Court,Québec,V6L,609-685-8218
Patty,Koles,pkolesi7@techcrunch.com,Room 814,2582 Walton Alley,,,683-479-6481
Deeyn,Ervine,dervinei8@unblog.fr,4th Floor,8102 Onsgard Crossing,,,455-135-3047
Weidar,Sawday,wsawdayi9@123-reg.co.uk,Room 1412,67918 Hazelcrest Street,,,259-274-6976
Anestassia,Dearness,adearnessia@dyndns.org,Suite 100,18 Anhalt Lane,Coimbra,3300-265,697-739-9365
Jennee,Gaymer,jgaymerib@wix.com,Suite 33,5711 Cherokee Junction,,,829-808-4183
Karita,Keedy,kkeedyic@cpanel.net,Suite 25,47 Lukken Lane,Perak,30200,356-790-1758
Derwin,Barkaway,dbarkawayid@timesonline.co.uk,13th Floor,8181 Sutteridge Plaza,,84200-000,470-998-6842
Carolan,Looks,clooksie@linkedin.com,16th Floor,98 Shelley Circle,,,912-572-8061
Mary,Dixsee,mdixseeif@auda.org.au,Apt 1606,3381 Algoma Terrace,,356825,408-161-2904
Simmonds,Gerrie,sgerrieig@jugem.jp,Suite 58,25937 Green Plaza,Québec,J7B,865-716-0478
Jess,MacRitchie,jmacritchieih@csmonitor.com,Apt 215,92532 Memorial Street,,16-050,967-669-4741
Brad,Helm,bhelmii@oracle.com,Suite 90,92455 Dunning Drive,,,532-124-7207
Hobie,Geggus,hgeggusij@jigsy.com,Room 389,6 Golf View Hill,Veracruz Llave,93848,975-520-5177
Enrika,Machel,emachelik@skype.com,15th Floor,402 Porter Drive,Bourgogne,71024 CEDEX 9,525-788-2540
Geri,Etherton,gethertonil@google.com.hk,Suite 52,12520 Annamark Terrace,,2600,419-621-2677
Darby,Leggin,dlegginim@disqus.com,PO Box 23649,538 Hoffman Street,,,237-522-7905
Glenden,Killiner,gkillinerin@stumbleupon.com,Apt 1735,024 Ryan Street,,,631-509-7293
Gaby,Howland,ghowlandio@youtu.be,PO Box 64358,725 Blackbird Crossing,,,854-330-7668
Rona,Pahlsson,rpahlssonip@g.co,20th Floor,519 Armistice Court,Oslo,0286,519-759-6305
Erroll,Cranney,ecranneyiq@utexas.edu,PO Box 50371,87997 Sutteridge Drive,,,681-338-1204
Gloriana,Ruspine,gruspineir@merriam-webster.com,Room 240,6201 Carberry Avenue,,3361,289-891-9733
Barthel,Armell,barmellis@list-manage.com,PO Box 69769,0 Everett Hill,,6160,268-389-5756
Dalila,Kennedy,dkennedyit@cbc.ca,Room 589,40978 Lindbergh Point,,2703,374-847-0271
Alice,Soldner,asoldneriu@wisc.edu,Suite 69,9733 Cody Lane,Provincie Friesland,8904,161-946-9475
Jenna,Dowse,jdowseiv@biglobe.ne.jp,PO Box 18589,4239 Namekagon Park,,99470-000,891-158-2830
Emylee,Suffe,esuffeiw@tripod.com,Suite 12,12971 Northview Trail,,9251,989-141-8095
Nicoli,Geist,ngeistix@wunderground.com,Room 1248,0 Fuller Crossing,,,236-417-8541
Ann,Jozefiak,ajozefiakiy@paypal.com,14th Floor,58 Oneill Pass,,40110,379-691-5891
Shawnee,Stretton,sstrettoniz@artisteer.com,18th Floor,705 Vahlen Plaza,,,240-752-1296
Elly,Witchard,ewitchardj0@soundcloud.com,Room 965,3 Mayer Drive,,,861-244-0588
Gertrudis,Hubatsch,ghubatschj1@histats.com,Apt 1904,8 Reinke Avenue,,,835-299-4365
Jacques,Grimsdike,jgrimsdikej2@springer.com,Apt 1774,5397 Bunker Hill Plaza,,4204,276-772-0149
Carmita,Pickard,cpickardj3@mail.ru,Room 1829,4474 Merrick Place,,,220-660-0405
Walther,Cabell,wcabellj4@unblog.fr,Apt 1519,8 Hoepker Crossing,,,902-516-0957
Karrah,Bontein,kbonteinj5@netscape.com,Suite 89,409 Boyd Street,,363604,300-712-7881
Cori,Allerton,callertonj6@delicious.com,17th Floor,50370 Aberg Drive,,,682-331-6524
Fee,Speck,fspeckj7@irs.gov,Apt 1697,95414 Farragut Plaza,,,532-323-9714
Rebecca,Rosthorn,rrosthornj8@bravesites.com,Apt 1236,5620 Homewood Hill,,,248-751-2275
Nichol,Roadknight,nroadknightj9@digg.com,Suite 83,72 Cascade Plaza,,6517,118-202-3053
Belicia,Dyter,bdyterja@sohu.com,20th Floor,74873 Eliot Road,Stockholm,185 31,865-832-2837
Jewell,Austwick,jaustwickjb@timesonline.co.uk,18th Floor,84 Valley Edge Plaza,,,510-715-4699
Maddi,Charpin,mcharpinjc@businessinsider.com,Suite 14,75 Brentwood Way,Västra Götaland,514 42,203-473-5613
Ramon,Yuranovev,ryuranovevjd@zimbio.com,Apt 1497,04 Portage Hill,,,701-449-9742
Bevin,McWhirter,bmcwhirterje@sakura.ne.jp,Suite 59,46202 Bay Drive,,,953-667-6295
Dodi,Sea,dseajf@npr.org,8th Floor,8736 Brickson Park Avenue,Östergötland,587 24,613-643-9883
Wendeline,Kinnard,wkinnardjg@squarespace.com,PO Box 31583,73074 Center Center,,5717,264-139-0735
Olwen,Donalson,odonalsonjh@abc.net.au,PO Box 67519,32666 Gateway Parkway,Provence-Alpes-Côte d'Azur,84309 CEDEX,164-675-0438
Aarika,Spowart,aspowartji@army.mil,Room 1428,7808 Charing Cross Park,,23242,569-125-2916
Breena,Dachey,bdacheyjj@salon.com,Apt 1443,6350 Spaight Parkway,,309296,686-300-1090
Ulises,Strutley,ustrutleyjk@blog.com,Room 1745,6768 Buhler Street,,624449,203-372-2213
Margaretha,Waddicor,mwaddicorjl@google.cn,Room 333,38 Stoughton Parkway,,,767-596-6567
Silva,Geraldo,sgeraldojm@a8.net,PO Box 54958,6 6th Lane,,55150,879-634-3590
Lucilia,McLay,lmclayjn@smugmug.com,Suite 76,95 7th Way,,A75,429-628-6370
Berri,Moodycliffe,bmoodycliffejo@techcrunch.com,Suite 18,483 Texas Junction,,,912-773-6610
Lindy,Shard,lshardjp@slideshare.net,Room 1266,982 Prentice Lane,,,368-795-1579
Mattias,Boat,mboatjq@paginegialle.it,Suite 1,8 Golf View Park,,,535-213-0561
Lexis,Antonov,lantonovjr@csmonitor.com,17th Floor,12 Becker Crossing,,,352-669-4958
Ellissa,Gaber,egaberjs@mtv.com,Room 1896,499 Golf Lane,,,575-825-7272
Heywood,Derycot,hderycotjt@homestead.com,PO Box 55279,92204 Grasskamp Circle,,47-450,869-502-3409
Nicki,Kerss,nkerssju@jalbum.net,Suite 40,18449 Elmside Place,,,630-407-1783
Burke,Huzzey,bhuzzeyjv@yellowbook.com,Apt 1662,858 Upham Street,,3605,607-964-2802
Brewer,Midlar,bmidlarjw@ed.gov,Suite 56,75363 Bay Terrace,,,152-893-0132
Elbertina,Flieg,efliegjx@sitemeter.com,Suite 82,09 Ludington Lane,,10298,249-229-5452
Moll,Paddock,mpaddockjy@utexas.edu,PO Box 15914,08 Burrows Way,,,637-234-1503
Alan,Stanion,astanionjz@tamu.edu,Room 1704,711 Oak Valley Junction,,,841-552-1876
Romeo,Becke,rbeckek0@netlog.com,PO Box 90108,04 High Crossing Trail,Norrbotten,971 82,588-410-3016
Delcina,Nettles,dnettlesk1@typepad.com,Apt 1719,5 1st Junction,,,906-163-0128
Gussy,Pikett,gpikettk2@sourceforge.net,PO Box 28401,67 Corben Circle,,,648-502-6610
Rustin,Brayley,rbrayleyk3@liveinternet.ru,Apt 1118,8326 Nevada Circle,,,365-425-9180
Brynna,Lewsey,blewseyk4@artisteer.com,Suite 42,41 Division Park,,,745-788-2217
Ortensia,Yeaman,oyeamank5@chicagotribune.com,Apt 1440,8819 Continental Terrace,,,849-174-9269
Cesaro,Kellaway,ckellawayk6@soup.io,14th Floor,203 Mcbride Point,,,567-486-1061
Dionne,Wardington,dwardingtonk7@adobe.com,PO Box 19515,1415 Buena Vista Trail,,9610,668-628-0107
Pennie,Mortimer,pmortimerk8@google.pl,Room 297,26609 Maple Wood Pass,Utah,84409,801-848-0308
Georgine,Scotchforth,gscotchforthk9@ft.com,Apt 1880,4846 Lakeland Plaza,,188950,685-966-4594
Loutitia,Letford,lletfordka@imdb.com,Apt 734,069 Anniversary Junction,,,574-300-1676
Cordelia,Bonifazio,cbonifaziokb@bing.com,6th Floor,157 Kings Court,,,657-150-4347
Carr,Kelleway,ckellewaykc@sakura.ne.jp,PO Box 73249,7 Scott Point,,403772,122-277-2090
Emmet,McCahill,emccahillkd@twitpic.com,Suite 40,54494 Eliot Terrace,,32224,755-317-7054
Currie,Cadge,ccadgeke@wunderground.com,Apt 1744,89799 Eagle Crest Trail,,,212-631-2214
Abigail,Starmont,astarmontkf@tuttocitta.it,Room 717,787 Huxley Street,,,946-833-2470
Zondra,Beardsdale,zbeardsdalekg@paypal.com,Apt 687,0706 Kennedy Lane,,5506,676-214-2380
Magnum,Phair,mphairkh@shinystat.com,Suite 59,9 Golf Course Trail,,,572-883-1902
Cloe,Dust,cdustki@google.co.jp,Suite 29,224 Scoville Pass,,53088,133-841-6383
Jessamine,Uphill,juphillkj@eepurl.com,Apt 1391,30 Scoville Road,,,548-406-1025
Bengt,Galfour,bgalfourkk@newyorker.com,Suite 88,182 Kim Point,,,583-940-0991
Rhett,Le land,rlelandkl@bandcamp.com,Suite 32,08170 Milwaukee Road,,,387-476-4641
Anastasie,Armatage,aarmatagekm@tamu.edu,Room 1891,60321 Carioca Lane,,423959,225-577-1786
Erasmus,Macro,emacrokn@instagram.com,2nd Floor,71 Stuart Parkway,Pennsylvania,18763,570-536-8278
Hendrik,Ellul,hellulko@google.com.hk,Suite 23,04 Fisk Terrace,,26120,104-615-3892
Justinn,Dubock,jdubockkp@bandcamp.com,Suite 64,6 Dottie Terrace,,,832-502-0134
Katti,Petracco,kpetraccokq@bluehost.com,PO Box 61946,5 Bellgrove Lane,,,437-157-4458
Sebastien,Tute,stutekr@reference.com,Apt 809,0 Pepper Wood Alley,,,919-911-4359
Clem,Spackman,cspackmanks@4shared.com,Room 1268,27 Bay Hill,,391 65,814-216-0978
Abby,Benediktovich,abenediktovichkt@miibeian.gov.cn,Apt 594,20 Westerfield Crossing,,55578-000,839-973-1011
Cassaundra,Juanico,cjuanicoku@loc.gov,PO Box 52113,37454 Beilfuss Park,,,827-992-4956
Evelyn,Beverage,ebeveragekv@nydailynews.com,Apt 373,5 Becker Point,,,775-931-1882
Jeff,Paik,jpaikkw@cocolog-nifty.com,8th Floor,48 2nd Plaza,,43-243,211-451-0905
Wynny,Yurukhin,wyurukhinkx@ifeng.com,Room 1627,84 Scofield Alley,,4332,751-481-0148
Amory,Pagden,apagdenky@army.mil,Room 1108,2613 Lakewood Way,,51513,923-531-4795
Camellia,Scroyton,cscroytonkz@sfgate.com,18th Floor,32 Goodland Point,,5903,511-723-3315
Nonah,Mithan,nmithanl0@yandex.ru,2nd Floor,50585 Daystar Hill,,7036,589-751-9911
Zaccaria,Apfelmann,zapfelmannl1@stumbleupon.com,6th Floor,63413 Lyons Plaza,,,298-140-2984
Serge,Eldershaw,seldershawl2@webeden.co.uk,Apt 596,72 Melvin Crossing,,,639-722-2692
Zach,Mingey,zmingeyl3@slashdot.org,Apt 1351,401 Graedel Court,,,187-311-4856
Nels,Hawkeswood,nhawkeswoodl4@qq.com,7th Floor,4 Forster Terrace,,29190-000,276-133-1137
Layton,Wilne,lwilnel5@artisteer.com,Room 1301,840 Spenser Park,,07-440,143-455-0407
Birk,Purrington,bpurringtonl6@rambler.ru,Apt 1946,1 Waywood Parkway,,,364-724-7287
Lotte,Girdwood,lgirdwoodl7@google.fr,Apt 1992,4 Bobwhite Park,,,492-562-8219
Bill,Graeser,bgraeserl8@nsw.gov.au,Apt 1528,9 Continental Lane,,,967-742-8905
Albrecht,Longhirst,alonghirstl9@mlb.com,Apt 992,8 Service Lane,,,827-448-5926
Paulina,Deboo,pdeboola@wikipedia.org,Apt 1052,681 Elgar Lane,,694761,361-464-3709
Giacopo,Le Grove,glegrovelb@biblegateway.com,Suite 19,3652 Northport Center,,704-8166,115-553-6044
Prissie,Kenrick,pkenricklc@jimdo.com,Apt 367,3 Basil Center,,62-430,812-731-0398
Karole,Wetherhead,kwetherheadld@youtube.com,PO Box 64720,1162 Sugar Center,,,345-423-4635
Daryle,Holde,dholdele@admin.ch,20th Floor,42 Acker Drive,,950-0084,220-855-7831
Winny,Eitter,weitterlf@domainmarket.com,Room 90,20817 Drewry Junction,,,497-778-7754
Sibella,Arlott,sarlottlg@ucla.edu,Suite 15,90844 Porter Parkway,,,745-894-6661
Marc,Scole,mscolelh@huffingtonpost.com,PO Box 38805,339 Debra Road,,,348-213-7162
Northrop,Battie,nbattieli@mozilla.com,Room 388,4 Forest Dale Parkway,,4214,463-113-3103
Milissent,Clowsley,mclowsleylj@arizona.edu,PO Box 68843,26 Everett Circle,,684350,817-216-7445
Lisette,Durrell,ldurrelllk@flavors.me,8th Floor,81967 Schlimgen Junction,,,696-959-1499
Kirstyn,Sapson,ksapsonll@lulu.com,Suite 16,64905 South Park,,,722-760-2136
Faun,Halt,fhaltlm@multiply.com,Apt 320,13751 Norway Maple Hill,,,284-217-7437
Celeste,Lingwood,clingwoodln@example.com,PO Box 50603,61131 Sunbrook Crossing,,03003,865-264-5443
Sileas,Phant,sphantlo@nifty.com,Suite 8,79 Mockingbird Plaza,,,642-267-3388
Trumann,Rizon,trizonlp@lycos.com,Suite 39,9711 Ridgeway Lane,,42-575,616-231-3287
Florette,Mathison,fmathisonlq@wired.com,13th Floor,1614 Bartillon Trail,,,899-412-1861
Ricky,Seawright,rseawrightlr@1688.com,Apt 1850,96111 Judy Road,,,982-778-7247
Giraldo,Treherne,gtrehernels@creativecommons.org,PO Box 24353,714 Memorial Lane,,301767,990-864-5016
Daisie,Jendrich,djendrichlt@lulu.com,Apt 1102,240 Dwight Park,,6743,190-271-3611
Tildy,Wigfield,twigfieldlu@123-reg.co.uk,PO Box 74875,66 Lakewood Gardens Junction,,768 32,404-970-6368
Bill,Heffer,bhefferlv@tumblr.com,Apt 1924,00 Becker Parkway,,,857-233-5802
Cammy,Locksley,clocksleylw@sphinn.com,Room 294,55 Mcguire Drive,,,221-577-6747
Thornie,Britch,tbritchlx@accuweather.com,Room 1552,63896 Spenser Hill,,,117-356-6614
Sawyer,Hilling,shillingly@google.cn,Suite 29,8 Graceland Crossing,,V31,433-577-7311
Elroy,O'Garmen,eogarmenlz@jalbum.net,20th Floor,48932 Donald Avenue,,,919-431-5495
Rufus,Greated,rgreatedm0@huffingtonpost.com,Apt 978,0491 Tomscot Lane,Coimbra,3040-561,476-729-3030
Keir,Renner,krennerm1@list-manage.com,Apt 700,0901 Basil Circle,,669310,665-203-6645
Gilli,Dielhenn,gdielhennm2@utexas.edu,Apt 693,23584 2nd Plaza,Coimbra,3090-469,849-310-6228
Judah,McDuffy,jmcduffym3@fastcompany.com,PO Box 14426,4800 Lakeland Plaza,,34330,669-438-0570
Kristofor,Oulner,koulnerm4@google.co.jp,Apt 1828,38172 Golf View Place,,10134,526-276-0133
Edsel,Baxendale,ebaxendalem5@stanford.edu,Apt 243,46 Declaration Trail,,,169-245-8171
Cara,Keates,ckeatesm6@skype.com,Apt 726,65 Butterfield Court,,,541-108-8048
Jerrilyn,Herrero,jherrerom7@etsy.com,Room 379,355 Westport Road,District of Columbia,20575,202-594-4588
Kendricks,Morrant,kmorrantm8@mit.edu,5th Floor,46325 Jenifer Point,Kuala Lumpur,50740,721-877-8859
Baxie,Telling,btellingm9@feedburner.com,Suite 88,7411 Clarendon Trail,,,904-297-7299
Glenda,Bonnesen,gbonnesenma@diigo.com,Suite 32,36 Kings Center,,,761-287-7209
Ber,Sail,bsailmb@prnewswire.com,Suite 16,38713 Corben Parkway,,,465-740-1610
Bogey,McFade,bmcfademc@upenn.edu,4th Floor,77484 Muir Circle,,,601-323-5049
Wallis,Lyfield,wlyfieldmd@amazonaws.com,7th Floor,81617 Coleman Terrace,La Rioja,26005,320-803-3683
Rycca,Boother,rbootherme@elpais.com,Apt 1036,43 Randy Court,,,840-635-8456
Baron,Gelly,bgellymf@yellowpages.com,Apt 1612,37 Porter Alley,,735 51,272-374-0950
Kellia,Knock,kknockmg@hp.com,13th Floor,975 Jenifer Drive,,6116,792-679-5777
Dulcie,Purkins,dpurkinsmh@loc.gov,Room 1532,4637 Badeau Parkway,,,749-829-6360
Lilian,Febre,lfebremi@i2i.jp,Suite 26,933 Annamark Lane,,,839-283-3393
Coralyn,Hassur,chassurmj@auda.org.au,Suite 11,61803 Division Alley,,429720,981-423-9619
Maighdiln,Sannes,msannesmk@guardian.co.uk,Suite 67,03 Muir Drive,,2415,219-929-5982
Robyn,Brownsey,rbrownseyml@arstechnica.com,PO Box 64866,6 Transport Parkway,,,973-646-6445
Reamonn,Snedker,rsnedkermm@tiny.cc,PO Box 2581,6 Summer Ridge Point,,,188-501-3964
Jermaine,Wipfler,jwipflermn@google.co.uk,PO Box 58600,4340 Maryland Crossing,Haute-Normandie,27509 CEDEX,889-989-6460
Merl,Manthorpe,mmanthorpemo@ask.com,PO Box 49990,0259 Evergreen Pass,Porto,4575-069,496-517-2462
Gilberto,Emmines,gemminesmp@over-blog.com,Suite 56,4542 Victoria Junction,,,822-361-7335
Audrie,Shine,ashinemq@twitpic.com,Suite 83,68109 Gulseth Hill,,,206-743-3041
Tamiko,Durante,tdurantemr@hexun.com,Suite 56,66815 Miller Road,,,505-369-6856
Teresina,Waggatt,twaggattms@apple.com,PO Box 58785,0 Lindbergh Court,,385700,966-375-1820
Erskine,Baumert,ebaumertmt@baidu.com,PO Box 63304,1607 8th Parkway,,,236-415-0388
Inna,Spolton,ispoltonmu@mashable.com,Apt 569,68 Sunfield Trail,,,846-674-5570
Dore,Hartill,dhartillmv@bloglovin.com,4th Floor,67 Valley Edge Plaza,,,752-850-8867
Zena,Dikles,zdiklesmw@wikia.com,Apt 157,6 Westridge Place,Faro,8400-661,433-503-7588
Corella,Barkworth,cbarkworthmx@booking.com,PO Box 20633,42434 Rigney Road,,,726-845-1402
Gherardo,Parkeson,gparkesonmy@themeforest.net,Suite 59,72 Autumn Leaf Street,,,768-794-2032
Baxie,Montacute,bmontacutemz@wp.com,Room 1195,5 Steensland Pass,Florida,34643,863-717-2007
Francois,Rossbrooke,frossbrooken0@dailymail.co.uk,Room 1253,08974 Barby Circle,,14-330,829-317-4868
Car,Denington,cdeningtonn1@mayoclinic.com,PO Box 11718,9 Hayes Pass,,699-0103,910-805-9106
Ross,Ofield,rofieldn2@youtube.com,Suite 73,070 Di Loreto Point,,,605-629-7481
Donny,Wozencraft,dwozencraftn3@bravesites.com,Apt 1468,609 Superior Lane,,5875,913-704-3997
Wit,Fauning,wfauningn4@nih.gov,Suite 42,295 Evergreen Trail,,,686-420-5215
Bertine,Pyffe,bpyffen5@ovh.net,4th Floor,31768 Petterle Lane,,,898-191-2223
Eve,Emsden,eemsdenn6@hhs.gov,Room 1824,38 Golf Lane,,,261-645-9345
Pincus,Perrett,pperrettn7@so-net.ne.jp,Room 1248,1194 Fair Oaks Pass,,,232-179-4782
Blanca,Barczewski,bbarczewskin8@paginegialle.it,Room 1681,4078 Namekagon Avenue,,,612-747-9274
Mignon,Domsalla,mdomsallan9@squarespace.com,PO Box 44317,79587 7th Park,,4274,761-173-5984
Darnall,Mulqueen,dmulqueenna@amazon.de,Suite 39,29631 John Wall Trail,Lombardia,20147,391-111-8941
Aloysia,Billitteri,abillitterinb@sun.com,15th Floor,83722 Manley Hill,,24130,724-743-4929
Mariam,Welman,mwelmannc@fastcompany.com,1st Floor,95993 Ramsey Hill,,87-601,522-918-3845
Mariquilla,Cowthart,mcowthartnd@yandex.ru,Apt 500,1 John Wall Alley,,,996-780-4148
Emory,Favela,efavelane@dyndns.org,Suite 77,5 Browning Avenue,,51521,373-439-0014
Conni,Mapstone,cmapstonenf@comsenz.com,Apt 1380,3 Susan Road,,674230,985-608-5972
Seward,Audry,saudryng@cbc.ca,PO Box 27950,0819 Magdeline Court,,666 01,190-312-8066
Susana,Di Boldi,sdiboldinh@oakley.com,PO Box 65808,9 Claremont Place,,665375,888-721-3638
Tobin,Giddings,tgiddingsni@va.gov,PO Box 8914,72486 Dorton Pass,,,792-625-4437
Mabel,McKeon,mmckeonnj@tiny.cc,Suite 32,76321 Larry Terrace,Limousin,23009 CEDEX,336-478-9355
Kelcie,Limpenny,klimpennynk@gnu.org,19th Floor,7 Fuller Court,,979-1543,266-707-0709
Dyan,Weth,dwethnl@angelfire.com,Room 274,2 Sutherland Crossing,,668150,405-860-3456
Armando,Duthy,aduthynm@state.tx.us,PO Box 31668,3747 East Court,,,607-422-3693
Hall,Coast,hcoastnn@cnbc.com,6th Floor,8 Morrow Place,,366703,576-744-8265
Carolus,Raggett,craggettno@yellowbook.com,Room 1056,49 Kennedy Hill,,,633-223-5178
Aubrette,Scholl,aschollnp@dailymotion.com,PO Box 72191,4 Tennessee Road,,32-083,468-159-7991
Vicki,Rothera,vrotheranq@cdbaby.com,Room 160,500 Fair Oaks Terrace,,,769-200-5967
Adriana,Longhorn,alonghornnr@home.pl,Apt 1875,836 Armistice Terrace,Washington,98140,206-196-6116
Eberto,D'Alessandro,edalessandrons@ehow.com,12th Floor,94 Artisan Street,,,872-371-3118
Emelina,Hallut,ehallutnt@plala.or.jp,Room 476,073 American Ash Plaza,Rhône-Alpes,69649 CEDEX,902-841-9443
Nora,Hullyer,nhullyernu@engadget.com,PO Box 57778,3287 5th Point,,904-2223,214-692-2934
Helen-elizabeth,Viles,hvilesnv@theglobeandmail.com,Room 1021,19397 Arrowood Drive,Lorraine,54154 CEDEX,989-793-6549
Theodosia,Hurcombe,thurcombenw@tmall.com,PO Box 50068,40867 Hermina Circle,,,532-275-1739
Barbi,Studman,bstudmannx@cloudflare.com,Suite 14,65082 Summerview Junction,,49500-000,974-792-7465
Donielle,Wight,dwightny@ocn.ne.jp,Apt 1709,6719 Chinook Point,,,862-640-5347
Michaeline,Grace,mgracenz@nationalgeographic.com,10th Floor,5 Kinsman Center,,,134-389-9209
Zebulon,Howgego,zhowgegoo0@ft.com,Suite 6,020 Caliangt Road,,,210-737-5643
Nerta,Macoun,nmacouno1@home.pl,16th Floor,6 Lake View Hill,,273 01,773-532-3814
Caralie,Strettell,cstrettello2@sfgate.com,Apt 522,151 Brown Way,,,436-532-7978
Prentice,Coopman,pcoopmano3@tamu.edu,PO Box 60515,346 Goodland Avenue,Porto,4465-005,663-204-9174
Kylynn,Stendall,kstendallo4@google.fr,Room 1114,47722 Hansons Avenue,,,957-409-0786
Noelani,Skipton,nskiptono5@sohu.com,4th Floor,8 Birchwood Way,,,856-943-0523
Becki,Andrzejowski,bandrzejowskio6@imgur.com,Suite 69,0 Northland Drive,,,907-829-9939
Gottfried,Dumphreys,gdumphreyso7@jigsy.com,Room 1395,881 Carpenter Trail,,,166-663-6399
Camel,Dudding,cduddingo8@thetimes.co.uk,8th Floor,11900 Roth Pass,,,541-292-1215
Ellwood,Toppas,etoppaso9@youtu.be,Room 464,686 Mifflin Center,,65200-000,136-260-1405
Ulises,Vautre,uvautreoa@163.com,Apt 79,3420 Corscot Park,,,595-853-9828
Celeste,Bateman,cbatemanob@cnn.com,Room 1307,114 Sunbrook Parkway,,,130-889-7404
Quincey,Ismail,qismailoc@csmonitor.com,Suite 36,739 Eastwood Center,,,319-520-0013
Delbert,Mitchenson,dmitchensonod@shop-pro.jp,8th Floor,3 Shopko Way,,3363,798-476-8497
Rosalind,Lathaye,rlathayeoe@nba.com,Apt 1933,3653 Eastlawn Place,,,965-640-9049
Zabrina,Bromage,zbromageof@weibo.com,Room 830,42 Ridgeview Drive,,,913-468-2599
Allister,Staneland,astanelandog@pcworld.com,Room 845,510 Gerald Park,,,498-895-9762
Estell,Ainsley,eainsleyoh@home.pl,PO Box 2869,729 Lunder Crossing,,,772-776-3389
Dorelle,Malcolm,dmalcolmoi@mapquest.com,Room 235,10313 La Follette Circle,Setúbal,2860-278,712-772-7146
Waylin,Pisculli,wpiscullioj@stanford.edu,Apt 1301,2 Clarendon Street,,27-630,544-616-0081
Janette,Deering,jdeeringok@hostgator.com,13th Floor,8210 South Lane,,34-625,448-546-1152
Costanza,Pounsett,cpounsettol@theguardian.com,Apt 231,40 Briar Crest Road,,,376-216-0637
Joela,Wolfe,jwolfeom@smh.com.au,Suite 18,61 Fisk Trail,,5615,587-128-7955
Laurie,Dickie,ldickieon@springer.com,Suite 59,7524 Lunder Road,,,287-303-1303
Alaine,Mix,amixoo@arizona.edu,Apt 27,417 Tennessee Way,,,880-872-9272
Galven,Cullinan,gcullinanop@bigcartel.com,Suite 3,85 Farwell Junction,Beja,7940-006,888-631-3549
Carola,Batter,cbatteroq@reference.com,Suite 88,6582 Walton Drive,,2005,103-474-5533
Lazare,Harty,lhartyor@hostgator.com,9th Floor,072 Sheridan Street,,,894-589-9999
Muffin,Carsberg,mcarsbergos@slideshare.net,Apt 964,06 Fair Oaks Way,,,326-254-5038
Kristina,Rudolfer,krudolferot@gov.uk,Suite 66,4 Miller Lane,,,451-734-5752
Geneva,Dunlop,gdunlopou@addtoany.com,Suite 93,138 Sullivan Court,,80000,801-802-3422
Tristan,Primarolo,tprimaroloov@springer.com,PO Box 70216,225 Sunnyside Point,,,733-216-1145
Conni,Leband,clebandow@telegraph.co.uk,PO Box 53172,563 Fallview Road,,,925-138-1816
Arda,Lawler,alawlerox@loc.gov,PO Box 31023,548 Corry Place,,6696,449-193-2251
Kaine,Elener,keleneroy@linkedin.com,PO Box 36595,14 Porter Parkway,,,957-768-4209
Stan,Camoys,scamoysoz@symantec.com,15th Floor,8640 Moulton Junction,,3525,348-105-5450
Sibyl,Foxon,sfoxonp0@storify.com,Room 288,0676 Homewood Hill,,,770-928-9580
Michele,Braban,mbrabanp1@elpais.com,Room 1876,9 Londonderry Lane,,,737-277-8123
Jonell,Ebdin,jebdinp2@google.es,Room 1548,596 Crescent Oaks Lane,,,265-519-3371
Micheil,Boardman,mboardmanp3@thetimes.co.uk,Apt 85,6517 Towne Crossing,,,155-296-9532
Daphne,Chawner,dchawnerp4@flickr.com,Apt 979,3 Grasskamp Plaza,,172715,485-265-5027
Ellery,Langmead,elangmeadp5@furl.net,Apt 1691,1599 Waywood Circle,,,574-297-1353
Fannie,Farry,ffarryp6@jalbum.net,Room 356,91272 Emmet Road,,681008,923-420-1527
Leone,Heymann,lheymannp7@foxnews.com,Room 766,26091 Ilene Way,,,712-823-4157
Abigael,Panyer,apanyerp8@ameblo.jp,PO Box 91479,2103 Dennis Street,,,558-179-2325
Bord,Dammarell,bdammarellp9@jiathis.com,Suite 53,188 Vera Road,,,653-105-9723
Amabelle,Dryden,adrydenpa@purevolume.com,Suite 69,5508 Anthes Drive,,,850-718-2560
Esmeralda,Tearny,etearnypb@whitehouse.gov,Suite 51,620 Bay Trail,,,438-553-8709
Lothaire,Tribe,ltribepc@stumbleupon.com,13th Floor,72 Northview Center,Setúbal,2950-137,202-589-5848
Natividad,Maidens,nmaidenspd@va.gov,Apt 30,3 Loeprich Parkway,,,493-946-5172
Hestia,Timmons,htimmonspe@census.gov,Apt 464,05 Summer Ridge Pass,,,145-985-6509
Forest,Nevinson,fnevinsonpf@paypal.com,Apt 1584,538 Moland Court,,2706,677-945-3394
Felipa,Scaife,fscaifepg@wix.com,Room 1227,1875 Lunder Lane,,,927-723-3573
Melvin,Janczewski,mjanczewskiph@examiner.com,Suite 46,7370 Barnett Trail,,,640-283-4827
Robbyn,Sex,rsexpi@techcrunch.com,Suite 53,9 Glendale Way,,,429-122-0900
Mag,Creeber,mcreeberpj@scribd.com,Apt 1290,353 Lake View Plaza,,62680-000,560-126-9260
Alisha,Eannetta,aeannettapk@wiley.com,Room 123,7 Vernon Terrace,Vestfold,3260,323-367-3245
Hewitt,Romaint,hromaintpl@mediafire.com,Apt 1291,1722 Monument Avenue,,,196-212-0583
Dmitri,Easterby,deasterbypm@nationalgeographic.com,PO Box 39013,6 Glendale Park,,,857-546-2964
Delano,Labone,dlabonepn@vistaprint.com,7th Floor,89 Clove Way,,,895-269-6078
Rollins,Randleson,rrandlesonpo@unesco.org,Apt 1452,8 Milwaukee Street,,,105-200-3372
Claudina,Mingaud,cmingaudpp@networksolutions.com,Suite 11,19 Schlimgen Plaza,,99560-000,555-792-9140
Florri,Borg,fborgpq@disqus.com,PO Box 46081,627 Browning Avenue,,,418-789-3484
Vonny,Meagher,vmeagherpr@biglobe.ne.jp,Room 1805,3487 Jana Terrace,,,890-828-5811
Delia,Hrinchenko,dhrinchenkops@meetup.com,10th Floor,724 Morningstar Trail,,141880,712-459-5849
Benedicta,McCandless,bmccandlesspt@cafepress.com,PO Box 46492,81 Buell Lane,,,278-365-4154
Penni,Chappell,pchappellpu@ted.com,Suite 53,1505 Anderson Court,,,893-316-3925
Forster,Coltherd,fcoltherdpv@cafepress.com,Room 371,905 Warner Park,,20000-000,457-978-4652
Annis,Hegg,aheggpw@si.edu,Apt 1986,5 Bonner Parkway,Rhône-Alpes,69794 CEDEX,835-320-0365
Betteann,Presman,bpresmanpx@zimbio.com,Suite 25,15446 Division Lane,,,454-953-1943
Aloysia,Cregeen,acregeenpy@nasa.gov,Suite 48,5224 High Crossing Road,,,740-306-8217
Latia,Parcell,lparcellpz@telegraph.co.uk,Suite 52,2 Merchant Alley,Alberta,T7E,796-481-9838
Ody,Antonowicz,oantonowiczq0@springer.com,PO Box 20419,63195 Red Cloud Pass,,648360,613-602-1587
Broderic,Colbert,bcolbertq1@pagesperso-orange.fr,8th Floor,1518 Milwaukee Crossing,,,159-541-6369
Louisa,Paull,lpaullq2@mapquest.com,7th Floor,80960 Heffernan Park,,,493-409-8622
Bella,Toovey,btooveyq3@delicious.com,Apt 1321,32 Rigney Alley,,,414-115-2041
Lock,Tapson,ltapsonq4@mtv.com,Room 467,8 Hooker Avenue,,143912,668-514-9794
Franzen,De Ruggero,fderuggeroq5@networksolutions.com,Suite 51,26256 Buell Pass,,431355,822-835-5962
Antoni,Tome,atomeq6@uol.com.br,Apt 1333,63372 Marquette Road,,452800,648-174-9152
Leicester,Gyrgorcewicx,lgyrgorcewicxq7@toplist.cz,3rd Floor,67 Norway Maple Crossing,Québec,H7S,898-253-4194
Filip,Staning,fstaningq8@simplemachines.org,PO Box 19094,7 Clarendon Circle,,,970-931-4068
Wilma,Cowburn,wcowburnq9@webs.com,Room 66,4310 Judy Alley,,,333-330-5669
Laurice,Comolli,lcomolliqa@msu.edu,Suite 51,285 Dovetail Terrace,,29960-000,730-803-6731
Osbert,MacAlpyne,omacalpyneqb@wikipedia.org,Suite 39,1085 Redwing Terrace,,8421,737-862-0351
Abbye,Wyre,awyreqc@eventbrite.com,Room 53,60951 Sunbrook Pass,,927-2162,355-857-4753
Tresa,Selwyn,tselwynqd@google.com.hk,19th Floor,743 Atwood Court,,,445-987-2330
Truda,Jenno,tjennoqe@dailymail.co.uk,2nd Floor,9382 Derek Pass,Québec,J3M,743-248-5948
Harriot,Endecott,hendecottqf@networksolutions.com,2nd Floor,9 Farwell Crossing,,,801-661-6241
Marcello,Loy,mloyqg@earthlink.net,PO Box 50329,2 Hanson Plaza,Évora,7200-505,716-713-7310
Pierre,Conville,pconvilleqh@wunderground.com,3rd Floor,155 Boyd Way,,,484-818-2967
Shirley,Eyes,seyesqi@abc.net.au,Apt 1124,5594 Melvin Lane,,,884-744-7123
Goldy,Trusler,gtruslerqj@ihg.com,PO Box 35888,148 Fairview Crossing,Asturias,33404,309-987-1876
Luis,Crownshaw,lcrownshawqk@google.ca,20th Floor,82 Norway Maple Road,,,263-884-5381
Ernest,Amori,eamoriql@uiuc.edu,Suite 27,77 Kennedy Hill,,44273,358-804-8988
Devondra,Boykett,dboykettqm@omniture.com,Room 1228,1 Bunting Place,,188919,551-299-4136
Evvy,Herries,eherriesqn@techcrunch.com,8th Floor,90288 Caliangt Road,Ilha Terceira,9760-406,302-528-4387
Lauren,Simmonite,lsimmoniteqo@foxnews.com,Room 759,08134 Jenna Parkway,,,768-245-9702
Ceil,Gifford,cgiffordqp@sphinn.com,Apt 514,6322 Wayridge Crossing,,31170,820-364-9846
Adelind,Rubertelli,arubertelliqq@weather.com,Suite 12,6 Anhalt Point,,,743-723-6863
Elise,Walne,ewalneqr@chicagotribune.com,Room 151,31744 Talisman Trail,,,874-929-9768
Juliette,Learman,jlearmanqs@rambler.ru,Room 1342,554 La Follette Trail,,,983-716-0162
Keri,Tranckle,ktranckleqt@acquirethisname.com,Suite 87,8 Petterle Circle,,,353-125-6232
Tiena,Folomin,tfolominqu@japanpost.jp,Suite 2,82 Esch Center,,,565-683-5399
Dixie,Phillot,dphillotqv@mediafire.com,Room 125,1343 Pleasure Trail,,87-522,887-298-7392
Beale,MacGowan,bmacgowanqw@rediff.com,Room 1470,32 Transport Junction,,,842-155-2365
Cicely,Sollon,csollonqx@ameblo.jp,Suite 32,82861 Carberry Center,,17110,735-595-5059
Hilliary,Mapston,hmapstonqy@mozilla.com,11th Floor,5 Independence Place,,66-418,350-792-4411
Wilden,Eastlake,weastlakeqz@hostgator.com,Apt 726,9960 Tennyson Circle,,,724-958-8655
Jamill,Reynard,jreynardr0@foxnews.com,Suite 91,4 Kropf Junction,,1107,100-144-0298
Ardeen,Remmer,aremmerr1@wikia.com,Apt 165,65 Oak Valley Road,,,548-499-3762
Fabien,Bisco,fbiscor2@hatena.ne.jp,Suite 25,9299 Everett Avenue,,,101-219-0484
Niven,Sabey,nsabeyr3@example.com,Apt 1310,03394 Badeau Center,,303461,240-968-1213
Augustus,Josse,ajosser4@va.gov,20th Floor,9561 Calypso Avenue,,,267-962-0154
Ranee,Frain,rfrainr5@arizona.edu,Room 1302,8 Weeping Birch Junction,,,661-456-0004
Leo,Kinnaird,lkinnairdr6@ebay.co.uk,Suite 60,9933 Grover Hill,,,837-779-1304
Farrand,Radoux,fradouxr7@mayoclinic.com,Room 598,1387 Kennedy Junction,,8300,603-779-4356
Natividad,Denny,ndennyr8@buzzfeed.com,Room 1663,4 Anthes Alley,,6341,110-290-0956
Talbot,La Croce,tlacrocer9@blog.com,PO Box 13898,9 Meadow Ridge Street,,,113-927-9013
Kandy,Gudge,kgudgera@un.org,Suite 20,18 Southridge Street,,649-1211,397-230-2169
Dora,Goldthorpe,dgoldthorperb@github.com,PO Box 48862,865 Boyd Park,,8332,554-118-4898
Demetris,Bettesworth,dbettesworthrc@prlog.org,8th Floor,4510 Eagan Hill,,,795-206-6505
Margret,Bwye,mbwyerd@reddit.com,8th Floor,6542 Green Ridge Road,,,401-401-9433
Kaleb,Bellwood,kbellwoodre@usa.gov,Room 28,48 Washington Alley,,,519-368-7453
Christine,Maymond,cmaymondrf@infoseek.co.jp,PO Box 82675,27 Corscot Plaza,,,510-723-4066
Daron,De Carlo,ddecarlorg@imgur.com,Apt 759,85 Amoth Junction,,353598,988-748-1928
Nedda,Lightwing,nlightwingrh@facebook.com,Suite 58,3570 Rutledge Way,,694062,568-144-7267
Kearney,Bedin,kbedinri@stumbleupon.com,Apt 882,4586 Lakeland Point,,5413,933-854-0403
Millard,Meckiff,mmeckiffrj@mtv.com,15th Floor,34 Hauk Terrace,,,652-416-5434
Moll,Maystone,mmaystonerk@nbcnews.com,Suite 38,4504 Westend Pass,,35660-000,945-532-7248
Fran,Behnke,fbehnkerl@tuttocitta.it,Apt 1017,89914 Northport Lane,,21140,402-619-2337
Dotty,Valentelli,dvalentellirm@alibaba.com,Apt 865,80 Buhler Crossing,,17580-000,260-981-5509
Ralina,Orrill,rorrillrn@who.int,PO Box 88887,5 Cambridge Road,,8108,882-535-2297
Harley,Doubleday,hdoubledayro@biblegateway.com,PO Box 34542,79490 Roxbury Street,,50201,233-151-3964
Arturo,Paragreen,aparagreenrp@imdb.com,Suite 64,62178 Twin Pines Street,Québec,R3P,547-562-8354
Corie,Bagnell,cbagnellrq@craigslist.org,Suite 26,8921 Dryden Plaza,,,823-579-7354
Gavrielle,Routham,grouthamrr@mashable.com,Apt 1289,64 Twin Pines Crossing,,,400-700-3501
